지점명	address	distance	address2	num_review	지점명2
스타벅스 강동구청DT점	성내동 550	0.9944862709008548	서울특별시 송파구 풍납동	62419	서울 풍납동 토성
스타벅스 강동구청DT점	성내동 550	1.0388978312138824	서울특별시 송파구 올림픽로 424	43230	서울 몽촌토성
스타벅스 강동구청DT점	성내동 550	1.0704944983405171	서울특별시 강동구 천호3동 448-49호 (천호동 마을마당 내)	6187	해공신익희선생동상
스타벅스 강동암사DT점	암사동 441-12	0.3577067257936102	서울특별시 강동구 암사동	22977	구암서원 터(구암정)
스타벅스 강동암사DT점	암사동 441-12	0.5143467566959231	서울특별시 강동구 고덕로 96	12	K-Taekwon school 태권도체험
스타벅스 강동암사DT점	암사동 441-12	0.6182786193563103	서울특별시 강동구 올림픽로 875	45577	서울 암사동 유적
스타벅스 강릉송정DT점	강원도 강릉시 경강로 2402    2020-03-31 18:56:50.526315776	0.4968148365061933	강원도 강릉시 송정동 268	403	보트
스타벅스 강릉송정DT점	강원도 강릉시 경강로 2402    2020-03-31 18:56:50.526315776	1.4348139961248574	강원도 강릉시 송정길30번안길 20-3	32754	송정해변(송정해수욕장)
스타벅스 강릉송정DT점	강원도 강릉시 경강로 2402    2020-03-31 18:56:50.526315776	1.6427917410410875	강원도 강릉시 견소동	658	강릉안목해맞이공원
스타벅스 경기광주송정DT점	송정동 12-12 1필지	2.5111731104758066	경기도 광주시 남한산성면 해공로 91	32675	광주 조선백자 요지
스타벅스 경기광주송정DT점	송정동 12-12 1필지	3.861717707907576	경기도 광주시 오포읍 청석로 22-22	19780	백련암(경기)
스타벅스 경기광주송정DT점	송정동 12-12 1필지	4.5032077826140515	경기도 광주시 초월읍 대쌍령리	16907	정충묘
스타벅스 경기광주신현DT점	신현리 701-5	2.560674922933171	경기도 성남시 분당구 문정로 145	101122	율동공원
스타벅스 경기광주신현DT점	신현리 701-5	2.583303187379987	경기도 용인시 처인구 모현읍 충렬로 9-19	2692	충렬서원
스타벅스 경기광주신현DT점	신현리 701-5	2.684911001725846	경기도 성남시 분당구 구미로185번길 30	10606	대광사(성남)
스타벅스 경기광주쌍령DT점	쌍령동 168	1.5184127672497294	경기도 광주시 오포읍 청석로 22-22	19780	백련암(경기)
스타벅스 경기광주쌍령DT점	쌍령동 168	1.5250836568993025	경기도 광주시 초월읍 대쌍령리	16907	정충묘
스타벅스 경기광주쌍령DT점	쌍령동 168	2.87208394021872	경기도 광주시 오포읍 양촌길 268-1	19475	극락사(경기)
스타벅스 경남사천DT점	수석리 320-1	0.7103156786471926	경상남도 사천시 사천읍 수양공원길 51	23449	수양공원 (구 산성공원)
스타벅스 경남사천DT점	수석리 320-1	1.6423966022325265	경상남도 사천시 사천읍 사천향교로 25	2896	사천향교
스타벅스 경남사천DT점	수석리 320-1	1.994417859427704	경상남도 사천시 정동면 고읍길 223	20329	사천고읍단감마을
스타벅스 경산중방DT점	중방동 847-6	0.7596961029275857	경상북도 경산시 향교길 14-19	2975	경산향교
스타벅스 경산중방DT점	중방동 847-6	1.087162867845708	경상북도 경산시 장산로24길 7	20780	혜광사(경산)
스타벅스 경산중방DT점	중방동 847-6	1.1796681505902096	경상북도 경산시 남매로 86	20201	안흥사(경산)
스타벅스 경인교대입구역DT점	작전동 852-30 852-31	0.526603553197641	인천광역시 계양구 향교로 19	28795	부평향교
스타벅스 경인교대입구역DT점	작전동 852-30 852-31	0.7362809899745649	인천광역시 계양구 어사대로 20	25881	부평도호부청사
스타벅스 경인교대입구역DT점	작전동 852-30 852-31	1.4792827637974024	인천광역시 계양구 경명대로955번길 13-12	18794	지선사
스타벅스 경주보문로DT점	천군동 1584-33 외 1번지(신평동 719-220)	0.3783241471637872	경상북도 경주시 보문로 544	216315	경주월드 어뮤즈먼트
스타벅스 경주보문로DT점	천군동 1584-33 외 1번지(신평동 719-220)	0.4408309656893735	경상북도 경주시 보문로 424-33	52989	보문호
스타벅스 경주보문로DT점	천군동 1584-33 외 1번지(신평동 719-220)	0.5234991436420975	경상북도 경주시 엑스포로 45	75783	더케이경주호텔 스파온천
스타벅스 경주보문호수DT점	북군동 57-40 1~3층	0.6500931656182581	경상북도 경주시 보문로 74-14	11503	경주 버드파크
스타벅스 경주보문호수DT점	북군동 57-40 1~3층	0.9391249129781716	경상북도 경주시 보문로	8838	보문정 (경주)
스타벅스 경주보문호수DT점	북군동 57-40 1~3층	1.3631456631684302	경상북도 경주시 보문로 402-12	43242	소노벨 경주 아쿠아월드
스타벅스 경주터미널DT점	사정동 488-7 8	0.3261579668927198	경상북도 경주시 노서동	22072	금관총
스타벅스 경주터미널DT점	사정동 488-7 8	0.6113426956933801	경상북도 경주시 포석로 1080	0	경주 황리단길
스타벅스 경주터미널DT점	사정동 488-7 8	0.7240217106232957	경상북도 경주시 태종로 757	40495	경주역사유적지구[유네스코 세계문화유산]
스타벅스 계룡대로DT점	엄사리 284	0.9585072395609618	충청남도 계룡시 금암1길 7	27410	이심원충신정려현판
스타벅스 계룡대로DT점	엄사리 284	1.7450063889435288	충남 계룡시 금암동	28374	천마산
스타벅스 계룡대로DT점	엄사리 284	2.627656102839247	충청남도 계룡시 사계로 5-16	25998	염선재
스타벅스 고양DT점	고양동 568	0.6724683751369293	경기도 고양시 덕양구 벽제관로 34-16	29109	고양 벽제관지
스타벅스 고양DT점	고양동 568	1.1240201001794683	경기도 고양시 덕양구 대양로285번길 33-13 (고양동)	21303	고양향교
스타벅스 고양DT점	고양동 568	1.7614604967449503	경기도 고양시 덕양구 서리골길 130	119	선유랑마을
스타벅스 공릉DT점	공릉동 597-34 597-30, 597-31, 597-32	0.23976000570924105	서울특별시 노원구 동일로174길 27	0	서울생활사박물관
스타벅스 공릉DT점	공릉동 597-34 597-30, 597-31, 597-32	1.4843362955335642	서울특별시 중랑구 신내로21길	30628	봉화산(서울)
스타벅스 공릉DT점	공릉동 597-34 597-30, 597-31, 597-32	1.7315208019472192	서울특별시 노원구 월계동	5239	초안산
스타벅스 공주동학사DT점	학봉리 436-1	0.570341519081566	충청남도 공주시 반포면 제석골길 67	1103	학림사(공주)
스타벅스 공주동학사DT점	학봉리 436-1	1.2428730082533077	충남 공주시 반포면 학봉리	34716	은선폭포
스타벅스 공주동학사DT점	학봉리 436-1	1.2618435707107796	충청남도 공주시 반포면 동학사1로	35879	동학사계곡
스타벅스 과천DT점	경기도 과천시 중앙동 79	0.3644544810346299	경기도 과천시 관악산길 58	19744	온온사
스타벅스 과천DT점	경기도 과천시 중앙동 79	0.8467964049637261	경기도 과천시 자하동길 18	21104	과천향교
스타벅스 과천DT점	경기도 과천시 중앙동 79	1.7713426209210381	경기도 과천시 문원동 226번지	294	가원미술관
스타벅스 광명소하DT점	소하동 1077	0.8994609290052396	경기도 광명시 기아로 113	50698	기아자동차 소하리공장
스타벅스 광명소하DT점	소하동 1077	0.9608388114865156	경기도 광명시 설월로 58	4871	금강정사
스타벅스 광명소하DT점	소하동 1077	1.6869586438516313	경기도 광명시 가학로85번길 142	0	광명동굴
스타벅스 광주금호DT점	쌍촌동 902-13	0.11707871210914432	광주광역시 서구 운천로 165	21117	운천저수지
스타벅스 광주금호DT점	쌍촌동 902-13	0.29059736449731965	광주광역시 서구 금호운천길 85-15	18141	운천사마애여래좌상
스타벅스 광주금호DT점	쌍촌동 902-13	0.4958896756679356	광주광역시 서구 금호운천길 31	17609	병천사
스타벅스 광주매곡DT점	매곡동 15	0.9455865731760652	광주광역시 북구 하백로29번길 24	18310	김용학가옥
스타벅스 광주매곡DT점	매곡동 15	1.1585025290343367	광주광역시 북구 비엔날레로 111	0	광주폴리
스타벅스 광주매곡DT점	매곡동 15	1.7885507385026749	광주광역시 북구 하서로 50	32945	중외공원
스타벅스 광주방림DT점	방림동 343-20	0.4106535465352729	광주광역시 남구 백서로70번길 6	30221	오웬기념각
스타벅스 광주방림DT점	방림동 343-20	0.5690081087008563	광주광역시 남구 천변좌로446번길 7	16	양림동 펭귄마을
스타벅스 광주방림DT점	방림동 343-20	0.6157856593308523	광주광역시 남구 백서로 13	31836	광주 3·1 만세운동 기념비
스타벅스 광주산정DT점	산정동 917-11	1.2241777477669684	광주광역시 광산구 용아로 460	16808	경장각
스타벅스 광주산정DT점	산정동 917-11	1.5564059970035775	광주광역시 광산구 무진대로 282	19212	광주무역회관
스타벅스 광주산정DT점	산정동 917-11	2.7353903888713766	광주광역시 광산구 소촌로46번길 46	22528	송호영당
스타벅스 광주상무DT점	쌍촌동 973-9	0.4518815751126361	광주광역시 서구 운천로 230	11160	무각사
스타벅스 광주상무DT점	쌍촌동 973-9	0.6116769184141	광주광역시 서구 상무중앙로 42	0	테라피 스파 소베
스타벅스 광주상무DT점	쌍촌동 973-9	0.7993013488912492	광주광역시 서구 운천로 165	21117	운천저수지
스타벅스 광주선운DT점	광주광역시 광산구 수완동 699-27	1.9830400725599016	광주광역시 광산구 비아안길 19	21696	취병조형유허비
스타벅스 광주선운DT점	광주광역시 광산구 수완동 699-27	2.1064364308589743	광주광역시 광산구 산월로21번길 26	26187	무양서원
스타벅스 광주선운DT점	광주광역시 광산구 수완동 699-27	2.412558034397267	광주광역시 광산구 용아로 460	16808	경장각
스타벅스 광주수완DT점	수완동 670-11	1.987825010822905	광주광역시 광산구 비아안길 19	21696	취병조형유허비
스타벅스 광주수완DT점	수완동 670-11	2.079788464421692	광주광역시 광산구 산월로21번길 26	26187	무양서원
스타벅스 광주수완DT점	수완동 670-11	2.4229508644724214	광주광역시 광산구 용아로 460	16808	경장각
스타벅스 광주신가DT점	신가동 706-1	0.755719999017649	광주광역시 광산구 풍영정길 21	23991	풍영정
스타벅스 광주신가DT점	신가동 706-1	2.0391006568907435	광주광역시 광산구 신창동	29754	신창동 선사유적지
스타벅스 광주신가DT점	신가동 706-1	2.3232479297549373	광주광역시 광산구 용아로 460	16808	경장각
스타벅스 광주신세계DT점	화정동 177-2	0.4933048478564794	광주광역시 서구 화운로156번길 17-8	18870	화담사
스타벅스 광주신세계DT점	화정동 177-2	0.8931486349003909	광주광역시 서구 천변좌로 12-16	1718	청춘발산마을
스타벅스 광주신세계DT점	화정동 177-2	1.7572487312212517	광주광역시 서구 무진대로 919	9511	KBC 광주방송
스타벅스 광주신안DT점	신안동 333	1.315755404710308	광주광역시 서구 천변좌로 12-16	1718	청춘발산마을
스타벅스 광주신안DT점	신안동 333	1.4693137468113455	광주광역시 북구 경양로 125	18585	오리요리의 거리
스타벅스 광주신안DT점	신안동 333	1.5214639699650219	광주광역시 북구 비엔날레로 111	0	광주폴리
스타벅스 광주연제DT점	연제동 1088	1.9043314465707293	광주광역시 광산구 신창동	29754	신창동 선사유적지
스타벅스 광주연제DT점	연제동 1088	2.332111055019753	광주광역시 광산구 산월로21번길 26	26187	무양서원
스타벅스 광주연제DT점	연제동 1088	2.3428353716404127	광주광역시 광산구 월계로 155	28276	월계동 장고분
스타벅스 광주용두DT점	광주 북구 신용동 산41-19	2.359984311393472	광주광역시 광산구 월계로 155	28276	월계동 장고분
스타벅스 광주용두DT점	광주 북구 신용동 산41-19	2.4289809961885744	광주광역시 북구 우치로 677	17256	광주 우치공원 동물원
스타벅스 광주용두DT점	광주 북구 신용동 산41-19	2.434023891905316	광주광역시 광산구 첨단중앙로182번길 39	30431	쌍암공원
스타벅스 광주운남DT점	운남동 414-31	1.5424379000038528	광주광역시 광산구 용아로 460	16808	경장각
스타벅스 광주운남DT점	운남동 414-31	1.7082483482055633	광주광역시 광산구 무진대로 282	19212	광주무역회관
스타벅스 광주운남DT점	운남동 414-31	1.9147261458116684	광주광역시 광산구 풍영정길 21	23991	풍영정
스타벅스 광주운암DT점	운암동 65-11	0.508784133181204	광주광역시 북구 하서로 50	32945	중외공원
스타벅스 광주운암DT점	운암동 65-11	1.1336203053575222	광주광역시 북구 비엔날레로 111	0	광주폴리
스타벅스 광주운암DT점	운암동 65-11	1.6354811224458767	광주광역시 북구 하백로29번길 24	18310	김용학가옥
스타벅스 광주월산DT점	월산동 963-3	1.4247086031256928	광주광역시 서구 화운로156번길 17-8	18870	화담사
스타벅스 광주월산DT점	월산동 963-3	1.5770471658647591	광주광역시 서구 천변좌로 12-16	1718	청춘발산마을
스타벅스 광주월산DT점	월산동 963-3	1.6383485591199412	광주광역시 남구 천변좌로338번길 7	31008	(전)광주 성거사지 오층석탑
스타벅스 광주주월DT점	주월동 960-13	1.2705760172754572	광주광역시 남구 백서로 13	31836	광주 3·1 만세운동 기념비
스타벅스 광주주월DT점	주월동 960-13	1.3348754039314912	광주광역시 남구 제중로47번길 20	34026	양림동 호랑가시나무
스타벅스 광주주월DT점	주월동 960-13	1.3540530430287891	광주광역시 남구 제중로 77	34761	양림동 선교사 묘지
스타벅스 광주지산DT점	동명동 12-3	0.3146959677030737	광주광역시 동구 동명동	77	동명동 카페거리
스타벅스 광주지산DT점	동명동 12-3	0.369550629956694	광주광역시 동구 지산로 58	17728	광주동오층석탑
스타벅스 광주지산DT점	동명동 12-3	0.8697986335695735	광주광역시 동구 문화전당로 38	21827	5.18 민주광장
스타벅스 광주지원DT점	광주 동구 용산동 168-1	1.6702701800760438	광주광역시 남구 치마봉1길 16-1	16027	서강사
스타벅스 광주지원DT점	광주 동구 용산동 168-1	1.919374590950789	광주광역시 동구 동산길 29	65789	무등산국립공원
스타벅스 광주지원DT점	광주 동구 용산동 168-1	2.524628933260872	광주광역시 동구 필문대로 309	0	무등산 광주화강암 (무등산권 국가지질공원)
스타벅스 광주화정DT점	화정동 769-1	0.1999566439100096	광주광역시 서구 화운로156번길 17-8	18870	화담사
스타벅스 광주화정DT점	화정동 769-1	1.3544361134479308	광주광역시 서구 천변좌로 12-16	1718	청춘발산마을
스타벅스 광주화정DT점	화정동 769-1	1.7491400188637525	광주광역시 서구 무진대로 919	9511	KBC 광주방송
스타벅스 광주효천DT점	임암동 141-3 143-2	1.6210867125132409	광주광역시 남구 이장동 266	22796	양과동정
스타벅스 광주효천DT점	임암동 141-3 143-2	2.0233651078915047	광주광역시 남구 지산재길 51	16420	지산재
스타벅스 광주효천DT점	임암동 141-3 143-2	2.485764372767054	광주광역시 남구 구만산길 34	23750	필문 이선제부조묘
스타벅스 광주흑석DT점	산정동 909-3	0.8530079407889162	광주광역시 광산구 용아로 460	16808	경장각
스타벅스 광주흑석DT점	산정동 909-3	1.8320415123618417	광주광역시 광산구 무진대로 282	19212	광주무역회관
스타벅스 광주흑석DT점	산정동 909-3	2.8031589502679246	광주광역시 광산구 풍영정길 21	23991	풍영정
스타벅스 구미금오산DT점	남통동 414-4 - 4번지	1.23396099358372	경상북도 구미시 금오산로 339	0	금오랜드 놀이동산
스타벅스 구미금오산DT점	남통동 414-4 - 4번지	2.179587488033395	경상북도 구미시 남통동	61351	금오산도립공원
스타벅스 구미금오산DT점	남통동 414-4 - 4번지	2.8840147159586333	경상북도 구미시 금오산로 434-1	21847	해운사(구미)
스타벅스 구미도량DT점	도량동 315	2.8038014153709163	경상북도 구미시 금오산로 339	0	금오랜드 놀이동산
스타벅스 구미도량DT점	도량동 315	3.495734419446625	경상북도 구미시 남통동	61351	금오산도립공원
스타벅스 구미도량DT점	도량동 315	3.92019281746554	경상북도 구미시 금오산로 434-1	21847	해운사(구미)
스타벅스 구미상모DT점	상모동 478-5 상모주유소	0.9480498137132954	경상북도 구미시 박정희로 107	47937	박정희 대통령 생가
스타벅스 구미상모DT점	상모동 478-5 상모주유소	1.8309542818950304	경상북도 구미시 지주중류2길 19	2140	오암서원
스타벅스 구미상모DT점	상모동 478-5 상모주유소	2.147723764791543	경상북도 구미시 남구미로	27392	낙동강
스타벅스 구미시청DT점	송정동 33-11	2.341994980406988	경상북도 구미시 금오산로 339	0	금오랜드 놀이동산
스타벅스 구미시청DT점	송정동 33-11	3.2480858534728565	경상북도 구미시 남통동	61351	금오산도립공원
스타벅스 구미시청DT점	송정동 33-11	3.3084671628190923	경상북도 구미시 박정희로 107	47937	박정희 대통령 생가
스타벅스 구의DT점	구의동 67-36	0.5119579349959787	서울특별시 광진구 광나루로 571	4694	구의 아리수 정수센터
스타벅스 구의DT점	구의동 67-36	0.6495683338796242	서울특별시 광진구 능동로 216	65653	서울어린이대공원
스타벅스 구의DT점	구의동 67-36	1.2197157650139587	서울특별시 광진구 구의강변로 45	32731	강변스파랜드
스타벅스 국립대구박물관DT점	황금동 69-3 64-5	0.7101068322251229	대구광역시 수성구 청호로 250-11	2879	청호서원
스타벅스 국립대구박물관DT점	황금동 69-3 64-5	0.7436073231778445	대구광역시 수성구 청호로46길 5-3	2315	덕산서원(대구)
스타벅스 국립대구박물관DT점	황금동 69-3 64-5	1.454515515800482	대구광역시 수성구 달구벌대로492길 15	0	물레책방
스타벅스 군산나운DT점	나운동 843-6	1.6347633030615496	전라북도 군산시 설림3길 49	22784	은적사(군산)
스타벅스 군산나운DT점	나운동 843-6	1.802078731551848	전라북도 군산시 미룡동	29374	은파 물빛다리
스타벅스 군산나운DT점	나운동 843-6	1.9540011986703123	전북 군산시 소룡동 1071-3	33607	월명호수
스타벅스 금정구청DT점	부곡동 217-2	0.8049516275629209	부산광역시 금정구 오륜대로 57	2864	부산 가톨릭 특성화 거리
스타벅스 금정구청DT점	부곡동 217-2	1.986382419106816	부산광역시 금정구 장전동 산 43-1	49178	금강식물원
스타벅스 금정구청DT점	부곡동 217-2	2.0796479050032275	부산광역시 동래구 우장춘로 211	19911	금강사(부산)
스타벅스 금정남산동DT점	남산동 68-1 남산프라자	2.2246556012419663	부산광역시 금정구 오륜대로 57	2864	부산 가톨릭 특성화 거리
스타벅스 금정남산동DT점	남산동 68-1 남산프라자	3.079836175316517	부산광역시 금정구 범어사로 250	63349	범어사(부산)
스타벅스 금정남산동DT점	남산동 68-1 남산프라자	3.084505903308784	부산광역시 기장군 철마면 철마천로 101	0	부산 치유의 숲
스타벅스 기장역DT점	청강리 31-1	1.5360451578585872	부산광역시 기장군 기장읍 대변로 107-27	37540	토암도자기공원
스타벅스 기장역DT점	청강리 31-1	1.7495544456907848	부산광역시 기장군 기장읍 차성로417번길 35	5361	기장향교
스타벅스 기장역DT점	청강리 31-1	1.9632948762856897	부산광역시 기장군 기장읍 기장해안로 1014	38654	소름요
스타벅스 김천시청DT점	신음동 1000-3	2.0084451102411083	경상북도 김천시 김산향교1길 2-19	2261	김산향교
스타벅스 김천시청DT점	신음동 1000-3	2.241575315647728	경상북도 김천시 음지마길 40-5	1905	원계서원
스타벅스 김천시청DT점	신음동 1000-3	4.220078103096464	경상북도 김천시 하리안길 19-6	2326	하로서원
스타벅스 김포감정DT점	감정동 502-20	0.07022531880043757	경기도 김포시 중봉로 33	29922	피싱파크 진산각
스타벅스 김포감정DT점	감정동 502-20	0.3575108065946571	경기도 김포시 중봉로25번길 87	21216	우저서원
스타벅스 김포감정DT점	감정동 502-20	1.1875983415778941	경기도 김포시 북변중로25번길 38	18720	김포향교
스타벅스 김포풍무DT점	풍무동 620-11	1.3317173307636083	경기도 김포시 승가로 125	22541	금정사(김포)
스타벅스 김포풍무DT점	풍무동 620-11	1.3839399831515151	경기도 김포시 장릉로 79	37835	김포 장릉(인헌왕후) [유네스코 세계문화유산]
스타벅스 김포풍무DT점	풍무동 620-11	2.905352616412465	경기도 김포시 북변중로25번길 38	18720	김포향교
스타벅스 김해구산DT점	구산동 836-1	0.4685131260452934	경상남도 김해시 구산동	29730	김해 구지봉
스타벅스 김해구산DT점	구산동 836-1	1.7089173541447138	경상남도 김해시 가락로190번길 1	27067	김해 수로왕비릉
스타벅스 김해구산DT점	구산동 836-1	1.7207137831595465	경상남도 김해시 가락로190번길 19-7	21490	파사석탑
스타벅스 김해대로DT점	삼정동 616-5	1.1788737045989566	경상남도 김해시 활천로 121-57	18694	성조암(김해)
스타벅스 김해대로DT점	삼정동 616-5	1.1800865968684155	경상남도 김해시 김해대로2580번길 21	3420	초선대마애석불
스타벅스 김해대로DT점	삼정동 616-5	1.6750561462900688	경상남도 김해시 어방동	25718	김해 분산성
스타벅스 김해외동DT점	경남 김해시 외동 559 1~2층	0.7135663119512297	경상남도 김해시 전하로 269-74	21448	흥부암(김해)
스타벅스 김해외동DT점	경남 김해시 외동 559 1~2층	1.2729211044651998	경상남도 김해시 가락로63번길 50	25202	김해 봉황동 유적
스타벅스 김해외동DT점	경남 김해시 외동 559 1~2층	1.286579811427606	경상남도 김해시 봉황동	24175	가야의 거리
스타벅스 김해진영DT점	경상남도 김해시 진영읍 진영리 81	2.6127490713204087	경상남도 김해시 진영읍 진영로 430-16	2171	미양서원
스타벅스 김해진영DT점	경상남도 김해시 진영읍 진영리 81	3.699619924594916	경상남도 김해시 진영읍 봉하로 122-15	886	봉하마을
스타벅스 김해진영DT점	경상남도 김해시 진영읍 진영리 81	3.737889899963677	경상남도 김해시 진영읍 봉하로 129	174429	진영 봉하마을과 노무현 대통령 생가
스타벅스 낙성대DT점	봉천동 1657-3	0.38260641326380895	서울특별시 관악구 약수암1길 28	53966	약수사(서울)
스타벅스 낙성대DT점	봉천동 1657-3	0.7094052387932649	서울특별시 관악구 낙성대로 77	50140	관악산 낙성대공원
스타벅스 낙성대DT점	봉천동 1657-3	0.9703521472877252	서울특별시 관악구 낙성대로15길 56-39	26224	봉천동 마애미륵불좌상
스타벅스 남양산IC DT점	석산리 966	2.686378448475192	경상남도 양산시 중앙우회로 66-64	18551	계원사(양산)
스타벅스 남양산IC DT점	석산리 966	2.745164729391928	경상남도 양산시 양산대로 849	31550	양산천 구름다리
스타벅스 남양산IC DT점	석산리 966	2.9406632205687915	경상남도 양산시 교동1길 10	3558	양산향교
스타벅스 남양주연평DT점	연평리 59-3	2.2753759737658132	경기도 남양주시 진접읍 내각2로 84-77	18360	봉영사(남양주)
스타벅스 남양주연평DT점	연평리 59-3	3.8789821303810754	경기도 남양주시 진접읍 봉선사길 32	36100	봉선사(경기)
스타벅스 남양주연평DT점	연평리 59-3	4.27185187636245	경기도 남양주시 진접읍 광릉수목원로 354	29712	남양주 광릉(세조,정희왕후) [유네스코 세계문화유산]
스타벅스 남양주진접DT점	장현리 230-6	2.6445115381212463	경기도 남양주시 진접읍 봉선사길 32	36100	봉선사(경기)
스타벅스 남양주진접DT점	장현리 230-6	2.9544673741508904	경기도 남양주시 진접읍 내각2로 84-77	18360	봉영사(남양주)
스타벅스 남양주진접DT점	장현리 230-6	3.1487478473436785	경기도 남양주시 진접읍 광릉수목원로 354	29712	남양주 광릉(세조,정희왕후) [유네스코 세계문화유산]
스타벅스 다대포DT점	다대동 293-1	0.0	부산광역시 사하구 다대동	0	몰운대 (부산 국가지질공원)
스타벅스 다대포DT점	다대동 293-1	1.0983816099853363	부산광역시 사하구 몰운대1길 14	64700	다대포해수욕장
스타벅스 다대포DT점	다대동 293-1	2.893641663580332	경상남도 통영시 중앙로 27	33926	윤이상 기념공원(도천테마파크)
스타벅스 당진시곡DT점	충남 당진시 시곡동 67-2 대우임산제재소	4.609145793998591	충청남도 당진시 교동2길 33-18	2332	당진향교
스타벅스 당진시곡DT점	충남 당진시 시곡동 67-2 대우임산제재소	4.944487620942184	충청남도 당진시 신평면 동산절길 39	18636	단호박올리고마을
스타벅스 당진시곡DT점	충남 당진시 시곡동 67-2 대우임산제재소	8.073849092685247	충청남도 당진시 고대면 진관로 142-52	23599	영랑사(당진)
스타벅스 대구감삼DT점	감삼동 490-1	1.6892904153601958	대구광역시 달서구 장기로12길 10	19818	성화사
스타벅스 대구감삼DT점	감삼동 490-1	2.0985994822840848	대구광역시 서구 평리로35길 28-10	4347	중리동 곱창골목
스타벅스 대구감삼DT점	감삼동 490-1	2.11781606032014	대구광역시 서구 서대구로3길 43	34972	감삼못공원
스타벅스 대구공평DT점	동인동2가 25-1 1~2층	0.10673795060283406	대구광역시 중구 국채보상로 670	45547	국채보상운동기념공원
스타벅스 대구공평DT점	동인동2가 25-1 1~2층	0.4302420564598318	대구광역시 중구 동덕로36길 9-12	7160	동인찜갈비골목
스타벅스 대구공평DT점	동인동2가 25-1 1~2층	0.4760670640717152	대구광역시 중구 동성로2길 27	3	대구 동성로거리
스타벅스 대구도원DT점	도원동 577	0.21222244382930466	대구광역시 달서구 월곡로26길 17-39	15358	첨모재·사효당
스타벅스 대구도원DT점	도원동 577	0.8795602928143441	대구광역시 달서구 상인로18길 29	15743	인산정사
스타벅스 대구도원DT점	도원동 577	1.1467694812590563	대구광역시 달서구 앞산순환로 12-25	26179	임휴사
스타벅스 대구두류DT점	두류동 135-14	0.5695796049451408	대구광역시 달서구 두류공원로 200	46262	이월드
스타벅스 대구두류DT점	두류동 135-14	0.8194988671841265	대구광역시 서구 서대구로3길 43	34972	감삼못공원
스타벅스 대구두류DT점	두류동 135-14	0.8820793348368497	대구광역시 서구 달구벌대로375길 14-1	5470	반고개 무침회 골목
스타벅스 대구만촌DT점	만촌동 853-3	0.2550503096962727	대구광역시 수성구 달구벌대로525길 14-21	17765	모명재
스타벅스 대구만촌DT점	만촌동 853-3	1.6295433034380562	대구광역시 수성구 달구벌대로492길 15	0	물레책방
스타벅스 대구만촌DT점	만촌동 853-3	2.0635092107840403	대구광역시 수성구 청호로 250-11	2879	청호서원
스타벅스 대구상동DT점	상동 415-1	0.32672465150184354	대구광역시 수성구 용학로 35-5	89180	수성못 유원지
스타벅스 대구상동DT점	상동 415-1	0.3749033448970024	대구광역시 수성구 수성로12길 70	3454	봉산서원(대구)
스타벅스 대구상동DT점	상동 415-1	0.7465789293649454	대구광역시 남구 용두2길 43	3327	공룡공원
스타벅스 대구상인DT점	상인동 54-3 1~2층	1.0640348255603915	대구광역시 달서구 상인로 134-13	16333	열락당
스타벅스 대구상인DT점	상인동 54-3 1~2층	1.0744469293408303	대구광역시 달서구 송현로7길 32	3182	낙동서원
스타벅스 대구상인DT점	상인동 54-3 1~2층	1.4823259771330513	대구광역시 달서구 상인로18길 29	15743	인산정사
스타벅스 대구성서IC DT점	용산동 410-9 12	1.1476255049710335	대구광역시 달서구 새방로 21	28858	병암서원
스타벅스 대구성서IC DT점	용산동 410-9 12	1.2941779190850604	대구광역시 달서구 선원로33길 101	3163	용강서원
스타벅스 대구성서IC DT점	용산동 410-9 12	1.4126205254776592	대구광역시 달서구 선원로33안길 66	4948	와룡산(대구)
스타벅스 대구수성네거리DT점	수성동4가 1021-8	0.9810092060449414	대구광역시 중구 달구벌대로450길	26023	김광석 길 (김광석다시그리기길)
스타벅스 대구수성네거리DT점	수성동4가 1021-8	1.3268017629393412	대구광역시 수성구 달구벌대로492길 15	0	물레책방
스타벅스 대구수성네거리DT점	수성동4가 1021-8	1.3618816828604616	대구광역시 동구 동대구로 461	3325	대구경북디자인센터
스타벅스 대구수성도서관DT점	만촌동 1329-17 1, 33, 34	0.5366787191816488	대구광역시 동구 효신로 88	2263	바운스 트램폴린파크(대구신세계점)
스타벅스 대구수성도서관DT점	만촌동 1329-17 1, 33, 34	0.7774463817453175	대구광역시 동구 효목동	36306	대구 고모령비
스타벅스 대구수성도서관DT점	만촌동 1329-17 1, 33, 34	1.0083970205690356	대구광역시 수성구 화랑로42길 31	17532	독무재
스타벅스 대구앞산DT점	대명동 493-38	0.4519944582116054	대구광역시 남구 안지랑로16길 67	44017	안지랑 곱창골목
스타벅스 대구앞산DT점	대명동 493-38	0.6055614829543037	대구광역시 남구 대명동	28745	안일사(대구)
스타벅스 대구앞산DT점	대명동 493-38	0.6604754166590426	대구광역시 남구 대명로 지하 141	0	앞산카페거리
스타벅스 대구영대병원역DT점	봉덕동 595-7	0.9338357281126765	대구광역시 남구 이천로29길 28-1	4292	이천동 99계단 벽화마을
스타벅스 대구영대병원역DT점	봉덕동 595-7	1.1058257646198941	대구광역시 남구 명덕로54길 31	21431	서봉사
스타벅스 대구영대병원역DT점	봉덕동 595-7	1.5073770474508328	대구광역시 남구 계명중앙1길 54	1757	대명공연문화거리
스타벅스 대구월곡DT점	상인동 620	0.5797522394984873	대구광역시 달서구 상인로 134-13	16333	열락당
스타벅스 대구월곡DT점	상인동 620	0.6357221123277184	대구광역시 달서구 송현로7길 32	3182	낙동서원
스타벅스 대구월곡DT점	상인동 620	0.6883568687040961	대구광역시 달서구 상인로18길 29	15743	인산정사
스타벅스 대구중동DT점	대구 수성구 희망로24길 24	0.8444931080153572	대구광역시 수성구 들안로 109-1	20860	들안길먹거리타운
스타벅스 대구중동DT점	대구 수성구 희망로24길 24	1.2033680583969508	대구광역시 수성구 신천동로 117	34064	이공제비 및 군수이후범선영세불망비
스타벅스 대구중동DT점	대구 수성구 희망로24길 24	1.4687032806833105	대구광역시 수성구 수성로12길 70	3454	봉산서원(대구)
스타벅스 대구중동네거리DT점	중동 184-4	0.247517395595174	대구광역시 수성구 들안로 109-1	20860	들안길먹거리타운
스타벅스 대구중동네거리DT점	중동 184-4	0.8436083126986158	대구광역시 수성구 신천동로 117	34064	이공제비 및 군수이후범선영세불망비
스타벅스 대구중동네거리DT점	중동 184-4	0.8929098323436847	대구광역시 수성구 수성로12길 70	3454	봉산서원(대구)
스타벅스 대구칠곡대로DT점	태전동 1049-2	1.1267164227099469	대구광역시 북구 구암로21길 41	2001	구천서원(대구)
스타벅스 대구칠곡대로DT점	태전동 1049-2	1.5402423203096487	대구광역시 북구 매천로37길 48	2487	매양서원
스타벅스 대구칠곡대로DT점	태전동 1049-2	2.0575157441392795	대구광역시 북구 구암동	36039	운암지 수변공원
스타벅스 대구칠성DT점	칠성동2가 371-5	0.4194552498952378	대구광역시 북구 태평로 161	5460	대구 중구 골목투어버스 (청라버스)
스타벅스 대구칠성DT점	칠성동2가 371-5	0.9091699606343704	대구광역시 중구 경상감영길 99	50417	경상감영공원
스타벅스 대구칠성DT점	칠성동2가 371-5	1.246482710265	대구광역시 중구 동덕로36길 9-12	7160	동인찜갈비골목
스타벅스 대구침산DT점	침산동 245-1	1.3473481542972094	대구광역시 북구 태평로 161	5460	대구 중구 골목투어버스 (청라버스)
스타벅스 대구침산DT점	침산동 245-1	1.4122218510635518	대구광역시 북구 연암공원로17길 20	16358	구암서원
스타벅스 대구침산DT점	침산동 245-1	1.6588022217786207	대구광역시 중구 북성로 19-1	28545	대성사(대구)
스타벅스 대구평리DT점	평리동 1407-7	0.8694208424152271	대구광역시 서구 국채보상로 136	1721	한국섬유개발연구원 (텍스토피아관)
스타벅스 대구평리DT점	평리동 1407-7	0.9021825273116216	대구광역시 서구 서대구로3길 43	34972	감삼못공원
스타벅스 대구평리DT점	평리동 1407-7	1.112808975415624	대구광역시 서구 평리로35길 28-10	4347	중리동 곱창골목
스타벅스 대구황금DT점	지산동 941	0.8649136338206964	대구광역시 수성구 들안로 109-1	20860	들안길먹거리타운
스타벅스 대구황금DT점	지산동 941	1.3299653104336309	대구광역시 수성구 청호로46길 5-3	2315	덕산서원(대구)
스타벅스 대구황금DT점	지산동 941	1.3761458540746534	대구광역시 수성구 청호로 250-11	2879	청호서원
스타벅스 대전IC DT점	비래동 555-15	0.5033779933557542	대전광역시 대덕구 비래동	16659	옥류각
스타벅스 대전IC DT점	비래동 555-15	0.9464908235454	대전광역시 대덕구 송촌로79번길 16	16725	이시직공정려각
스타벅스 대전IC DT점	비래동 555-15	1.0129908815094617	대전광역시 동구 우암로326번길 28	17225	박팽년선생유허비
스타벅스 대전가수원DT점	가수원동 655-20 스타벅스	0.3962662430604728	대전광역시 서구 가수원로 71-12	17793	용화사(대전)
스타벅스 대전가수원DT점	가수원동 655-20 스타벅스	2.322300839226496	대전광역시 서구 상보안윗길 160	38888	구봉산(대전)
스타벅스 대전가수원DT점	가수원동 655-20 스타벅스	2.3370544959687423	대전광역시 서구 배재로197번길 200	27676	내원사(대전)
스타벅스 대전대사DT점	대사동 248-296	0.8163444463378183	대전광역시 중구 대흥동	10299	대흥동 문화예술의거리
스타벅스 대전대사DT점	대사동 248-296	0.9329771985908064	대전광역시 중구 보문산공원로 446	55457	보문산공원
스타벅스 대전대사DT점	대사동 248-296	1.4583433430736712	대전광역시 중구 중앙로164번길 17	7003	스카이로드
스타벅스 대전도안DT점	봉명동 555-3	0.5221823567043407	대전광역시 유성구 봉명동	82328	유성온천지구
스타벅스 대전도안DT점	봉명동 555-3	1.5935010786493855	대전광역시 서구 월평동	2037	월평, 신탄진, 송촌 정수장(물사랑학교)
스타벅스 대전도안DT점	봉명동 555-3	1.926638311183352	대전광역시 유성구 대학로	18258	갑천
스타벅스 대전수침교DT점	용문동 250-3	2.9218700806732367	대전광역시 중구 중앙로164번길 17	7003	스카이로드
스타벅스 대전수침교DT점	용문동 250-3	2.9324095430810915	대전광역시 중구 대흥동	10299	대흥동 문화예술의거리
스타벅스 대전수침교DT점	용문동 250-3	2.938329082268473	대전광역시 동구 대전로839번길 일대	20460	인쇄거리
스타벅스 대전신탄진DT점	석봉동 309-10	2.6009261047700982	대전광역시 대덕구 신탄진로756번안길 223	2127	It's 수 홍보관
스타벅스 대전신탄진DT점	석봉동 309-10	2.6911779018853776	대전광역시 대덕구 벚꽃길 150	350	대전차량융합기술단(신탄진역)
스타벅스 대전신탄진DT점	석봉동 309-10	5.03956761431699	대전광역시 대덕구 미호동	0	왕버드나무군락지
스타벅스 대전유천DT점	유천동 185-3	2.2698569872648418	대전광역시 중구 보문산공원로 446	55457	보문산공원
스타벅스 대전유천DT점	유천동 185-3	2.483302754195294	대전광역시 중구 대흥동	10299	대흥동 문화예술의거리
스타벅스 대전유천DT점	유천동 185-3	2.932389702702774	대전광역시 중구 중앙로164번길 17	7003	스카이로드
스타벅스 대전터미널DT점	성남동 502-2	1.4894811885120482	대전광역시 동구 소제동	0	철도관사촌(솔랑시울길)
스타벅스 대전터미널DT점	성남동 502-2	1.6258561469571264	대전광역시 대덕구 비래동	16659	옥류각
스타벅스 대전터미널DT점	성남동 502-2	1.6340673654700684	대전광역시 대덕구 송촌로79번길 16	16725	이시직공정려각
스타벅스 대전판암DT점	판암동 450	1.034079457932928	대전광역시 동구 동부로73번길 44	16777	문충사
스타벅스 대전판암DT점	판암동 450	1.103946695805709	대전광역시 동구 대전로 592-20	26721	심광사(대전)
스타벅스 대전판암DT점	판암동 450	1.438953808846859	대전광역시 중구 봉소루로 29	16875	봉소루
스타벅스 대전한남대DT점	중리동 231-10	1.1094474291105323	대전광역시 대덕구 계족산로17번길 60	17357	송애당
스타벅스 대전한남대DT점	중리동 231-10	1.1795939666442596	대전광역시 대덕구 쌍청당로 17	18062	쌍청당
스타벅스 대전한남대DT점	중리동 231-10	1.3679383405894343	대전광역시 대덕구 동춘당로 178	16696	법동 석장승
스타벅스 동대구로DT점	신천동 300-2	0.4219791450353669	대구광역시 동구 동대구로 461	3325	대구경북디자인센터
스타벅스 동대구로DT점	신천동 300-2	0.9909143834045994	대구광역시 동구 효신로 88	2263	바운스 트램폴린파크(대구신세계점)
스타벅스 동대구로DT점	신천동 300-2	1.2697803798955405	대구광역시 수성구 달구벌대로492길 15	0	물레책방
스타벅스 동두천DT점	지행동 475-1	1.6361289953573876	경기도 동두천시 탑동가산로 1	0	동두천자연휴양림
스타벅스 동두천DT점	지행동 475-1	1.6361289953573876	경기도 동두천시	7724	동두천 관광특구
스타벅스 동두천DT점	지행동 475-1	2.2244502364836327	경기도 동두천시 장고갯로 161-35	29154	소요산탑유황온천
스타벅스 동래미남DT점	온천동 1428-36	1.1025009147208231	부산광역시 동래구 동래로 103	24081	동래향교
스타벅스 동래미남DT점	온천동 1428-36	1.4611991219219396	부산광역시 동래구 우장춘로 155	40619	금강공원
스타벅스 동래미남DT점	온천동 1428-36	1.5054663737462692	부산광역시 동래구 동래로 162	26586	법륜사(부산)
스타벅스 동명대DT점	용당동 532-26	0.5793342608616658	부산광역시 남구 동명로 57	42873	부산동명불원
스타벅스 동명대DT점	용당동 532-26	0.5833869306294488	부산광역시 남구 유엔평화로 93	41927	유엔조각공원
스타벅스 동명대DT점	용당동 532-26	1.1048146371573164	부산광역시 남구 용호로 64	44600	중앙해수랜드
스타벅스 동부산DT점	시랑리 589-6	0.06143795878454018	부산광역시 기장군 기장읍 공수해안길 13-2	33033	공수어촌체험마을
스타벅스 동부산DT점	시랑리 589-6	1.1413085648427772	부산광역시 해운대구 송정해변로 62	67452	송정해수욕장
스타벅스 동부산DT점	시랑리 589-6	1.2355267278706883	부산광역시 기장군 기장읍 용궁길 86	176960	해동 용궁사(부산)
스타벅스 동서대DT점	주례동 189-9	2.512690654765199	부산광역시 서구 엄광산로40번길 121-22	33138	내원정사(부산)
스타벅스 동서대DT점	주례동 189-9	3.0947890349609573	부산광역시 부산진구 신천대로 215	414	부산차량융합기술단(부산철도차량정비단)
스타벅스 동서대DT점	주례동 189-9	3.208240864225853	부산광역시 사상구 백양대로804번길 42-123	21930	선광사(부산)
스타벅스 동수원DT점	우만동 153-7 유성주유소	0.4787120617319526	경기도 수원시 팔달구 경수대로 697	24433	창룡문
스타벅스 동수원DT점	우만동 153-7 유성주유소	0.8822475430836604	경기도 수원시 팔달구 인계동	31473	월화원
스타벅스 동수원DT점	우만동 153-7 유성주유소	1.342061378828905	경기도 수원시 팔달구 수원천로 300	24368	수원사(수원)
스타벅스 동탄능동DT점	능동 471-7	3.1020116383033915	경기도 오산시 북삼미로 42	0	아스달연대기 세트장
스타벅스 동탄능동DT점	능동 471-7	3.3222418561985285	경기도 용인시 기흥구 덕영대로 1732	50451	경희천문대
스타벅스 동탄능동DT점	능동 471-7	3.3722552806921486	경기도 화성시 동탄순환대로 67	0	동탄호수공원
스타벅스 동해DT점	천곡동 1020	0.3150548339586278	강원도 동해시 천곡동	700	천곡항
스타벅스 동해DT점	천곡동 1020	0.5106826775521304	강원도 동해시 동굴로 50	106386	천곡황금박쥐동굴
스타벅스 동해DT점	천곡동 1020	0.6119692508929077	강원도 동해시 한섬해안길 9	700	한섬해변
스타벅스 리버사이드팔당DTR점	도곡리 504-15	2.726832958310541	경기도 하남시 미사대로 750	0	아쿠아필드 하남
스타벅스 리버사이드팔당DTR점	도곡리 504-15	3.1218216889822297	경기도 남양주시 와부읍 팔당로 163	27119	남양주 구 팔당역
스타벅스 리버사이드팔당DTR점	도곡리 504-15	3.1252856119066714	경기 하남시 창우동	20421	현충탑(하남)
스타벅스 마산역DT점	석전동 223-4	0.2367138310682765	경상남도 창원시 마산회원구 마산역광장로 18	351	마산역(철도체험학습장)
스타벅스 마산역DT점	석전동 223-4	1.9368598928533385	경상남도 창원시 마산회원구 3·15성역로 75	27637	국립 3·15 민주묘지
스타벅스 마산역DT점	석전동 223-4	2.010799436180144	경상남도 창원시 마산회원구 구암북4길 7-10	1725	구암서원(창원)
스타벅스 마산해안대로DT점	오동동 317	0.3073749997689401	경상남도 창원시 마산합포구 아구찜길 20	52199	마산 오동동 아구찜거리
스타벅스 마산해안대로DT점	오동동 317	0.5411419732977241	경상남도 창원시 마산합포구 오동동	0	오동동 통술거리
스타벅스 마산해안대로DT점	오동동 317	0.6231318339454804	경상남도 창원시 마산합포구 오동서6길 24	12904	창동예술촌
스타벅스 마산회원DT점	회원동 43-5	0.7930557608759281	경상남도 창원시 마산회원구 회원북23길 22	2698	회원서원
스타벅스 마산회원DT점	회원동 43-5	1.0092118166323367	경상남도 창원시 마산합포구 교방동7길 3	31610	무학산
스타벅스 마산회원DT점	회원동 43-5	1.0152246344843192	경상남도 창원시 마산합포구 교방동	20461	서원곡유원지
스타벅스 명지강변DT점	명지동 1459-1	1.5198889741752657	부산광역시 사하구 낙동남로 1240	38639	낙동강하구에코센터
스타벅스 명지강변DT점	명지동 1459-1	1.6674048174464524	부산광역시 사하구 하단동	26527	부산 에덴공원
스타벅스 명지강변DT점	명지동 1459-1	1.7521082482320944	부산광역시 사하구 낙동남로1233번길 1	379	낙동강문화관
스타벅스 목포북항DT점	산정동 1750-8 외 2필지	1.3993195791524509	전라남도 목포시 죽교동	51238	이난영의 목포의 눈물 노래비
스타벅스 목포북항DT점	산정동 1750-8 외 2필지	1.5387131702480663	전라남도 목포시 해양대학로 240	0	목포 해상케이블카
스타벅스 목포북항DT점	산정동 1750-8 외 2필지	1.5713809749551553	전라남도 목포시 유달로 221	31863	유달산 조각공원
스타벅스 목포터미널DT점	전라남도 목포시 상동 131-10	1.8722647473151808	전라남도 목포시 남농로 135	35243	갓바위 문화타운
스타벅스 목포터미널DT점	전라남도 목포시 상동 131-10	1.8848681275950527	전라남도 목포시 남농로 149	26052	목포 갓바위
스타벅스 목포터미널DT점	전라남도 목포시 상동 131-10	2.0336556701119504	전라남도 목포시 미항로 115	0	춤추는 바다분수
스타벅스 밀양DT점	삼문동 532-3	0.6272964995590957	경상남도 밀양시 남천강변로3길 3-4	0	미리미동국 (진장 문화예술 플랫폼)
스타벅스 밀양DT점	삼문동 532-3	0.8117782644886525	경상남도 밀양시 중앙로 324	33509	밀양 영남루
스타벅스 밀양DT점	삼문동 532-3	0.8502327409601845	경상남도 밀양시 영남루1길 16-11	19794	무봉사
스타벅스 방화DT점	방화동 293-4	0.3250103230725382	서울특별시 강서구 방화동	32106	방화대교
스타벅스 방화DT점	방화동 293-4	1.295290726776612	서울특별시 강서구 양천로27길 279-23	42094	강서습지생태공원
스타벅스 방화DT점	방화동 293-4	1.3586078560484187	서울특별시 강서구 개화동로13길 56-33	23277	미타사(강서)
스타벅스 백석역DT점	백석동 1296-3 1층	1.8863748105565918	경기도 고양시 일산동구 정발산로 24	1903	브이알존큐브 일산웨돔점
스타벅스 백석역DT점	백석동 1296-3 1층	1.9628166978096708	경기도 고양시 일산동구 장대들길 680	0	장항습지
스타벅스 백석역DT점	백석동 1296-3 1층	2.1584342341313056	경기도 고양시 일산동구 경의로	2953	한국지역난방공사 고양지사
스타벅스 부산교대역DT점	부산광역시 연제구 거제동 125-0	1.0061655678795007	부산광역시 동래구 동래로 162	26586	법륜사(부산)
스타벅스 부산교대역DT점	부산광역시 연제구 거제동 125-0	1.0769645362237057	부산광역시 동래구 동래로 103	24081	동래향교
스타벅스 부산교대역DT점	부산광역시 연제구 거제동 125-0	1.2531519887805962	부산광역시 동래구 칠산동	0	동래읍성지
스타벅스 부산안락DT점	안락동 256-4	1.0705089561252727	부산광역시 동래구 충렬대로 345	27532	충렬사
스타벅스 부산안락DT점	안락동 256-4	1.6514319435032736	부산광역시 동래구 칠산동	0	동래읍성지
스타벅스 부산안락DT점	안락동 256-4	1.8856359238538536	부산광역시 동래구 복천로 66	25442	부산 복천동 고분군
스타벅스 부산재송DT점	재송동 572-2 외 4필지	0.5551480123009636	부산광역시 해운대구 수영강변대로 203	35561	부산광안대교
스타벅스 부산재송DT점	재송동 572-2 외 4필지	0.9438345582046492	부산광역시 수영구 구락로123번길 20	11123	F1963
스타벅스 부산재송DT점	재송동 572-2 외 4필지	1.1558556184193602	부산광역시 해운대구 수영강변대로 120	5009	부산 영화의 전당
스타벅스 부천심곡DT점	심곡동 110-5	1.1153112026287413	경기도 부천시 소사로 367	28523	석왕사(경기)
스타벅스 부천심곡DT점	심곡동 110-5	1.3052958942240676	경기도 부천시 원미구 소사로 456	28592	부천 원미공원
스타벅스 부천심곡DT점	심곡동 110-5	2.0144756689428167	경기도 부천시 소향로 162	47296	부천 중앙공원
스타벅스 부천중동DT점	중동 628-14	0.4698718978205806	경기도 부천시 소향로 162	47296	부천 중앙공원
스타벅스 부천중동DT점	중동 628-14	1.4206979138975744	경기도 부천시 원미구 길주로 105	22691	부천 동물테마파크 하이주
스타벅스 부천중동DT점	중동 628-14	1.7469031998958031	경기도 부천시 조마루로 2	46885	웅진플레이도시 워터도시
스타벅스 부평삼거리역DT점	간석동 772	0.5683192773453486	인천광역시 남동구 풀무로 48	40064	약사사(인천)
스타벅스 부평삼거리역DT점	간석동 772	0.9170399621243148	인천광역시 부평구 경인로 847	17537	호명사
스타벅스 부평삼거리역DT점	간석동 772	1.278180204117588	인천광역시 부평구 부평공원로	33603	부평공원
스타벅스 북수원IC DT점	파장동 469-4	0.7444036034862775	경기도 수원시 장안구 정조로 1087	0	만석거공원
스타벅스 북수원IC DT점	파장동 469-4	1.3487765465500539	경기도 수원시 장안구 장안로346번길 118	29472	노송지대(수원)
스타벅스 북수원IC DT점	파장동 469-4	1.9631043663893009	경기도 수원시 장안구 수성로 320	111623	수원 화성 [유네스코 세계문화유산]
스타벅스 북오산IC DT점	외삼미동 327-29	0.5096454892887798	경기도 오산시 북삼미로 42	0	아스달연대기 세트장
스타벅스 북오산IC DT점	외삼미동 327-29	2.399612033159399	경기도 오산시 청학로 211	91382	경기도립 물향기수목원
스타벅스 북오산IC DT점	외삼미동 327-29	3.3645835173066008	경기도 오산시 양산동	25398	오산 독산성과 세마대지
스타벅스 사상주례DT점	주례동 854	2.478053365624165	부산광역시 사상구 백양대로804번길 42-123	21930	선광사(부산)
스타벅스 사상주례DT점	주례동 854	2.5902661118025594	부산광역시 사상구 백양대로804번길 42-57	21182	약수암(부산)
스타벅스 사상주례DT점	주례동 854	2.983973832756382	부산광역시 사상구 삼락동	77967	삼락생태공원
스타벅스 서귀포DT점	제주 서귀포시 일주서로 11	2.3392228839045535	제주특별자치도 서귀포시 대정읍 하모이삼로21번길	2778	가시오름
스타벅스 서귀포DT점	제주 서귀포시 일주서로 11	3.0135380645439755	제주특별자치도 서귀포시 대정읍 암반수마농로441번길 3	24341	제주도예촌
스타벅스 서귀포DT점	제주 서귀포시 일주서로 11	4.055602047180665	제주특별자치도 서귀포시 대정읍 최남단해안로 120	0	마라도 가파도 정기여객선
스타벅스 서산예천DT점	예천동 696-7	0.8674727785379578	충청남도 서산시 호수공원4로 27	0	중앙호수공원 카페거리
스타벅스 서산예천DT점	예천동 696-7	1.2105388386227112	충청남도 서산시 성암1로 45	23709	성암서원
스타벅스 서산예천DT점	예천동 696-7	1.530632986783748	충청남도 서산시 동헌로 149	24036	서산객사
스타벅스 세종다정DT점	다정동 639	1.7324017179335989	세종특별자치시 연기면 다솜로 216	24579	세종호수공원
스타벅스 세종다정DT점	다정동 639	3.4781490169246725	세종특별자치시 장군면 영평사길 124	25843	영평사
스타벅스 세종다정DT점	다정동 639	6.763970517869907	세종특별자치시 금남면 감성길 45-13	23828	금남 백로 서식지
스타벅스 속초DT점	조양동 1002-39	0.22501735377900328	강원도 속초시 엑스포로 72	50029	속초 엑스포타워
스타벅스 속초DT점	조양동 1002-39	0.5196192192791446	강원도 속초시 철새길 106	987	마리나요트
스타벅스 속초DT점	조양동 1002-39	0.6157203703520209	강원도 속초시 선사로1길 16	22011	속초 조양동 유적
스타벅스 송파나루역DT점	송파동 59-9 송봉주유소	0.8091778429832156	서울특별시 송파구 오금로 219	43434	서울 방이동 고분군
스타벅스 송파나루역DT점	송파동 59-9 송봉주유소	0.9991361739782844	서울특별시 송파구 삼학사로 136	72128	송파나루공원(석촌호수)
스타벅스 송파나루역DT점	송파동 59-9 송봉주유소	0.9991361739782844	서울특별시 송파구 잠실로 148	31630	서울 삼전도비
스타벅스 송파방이DT점	방이동 226-10	0.20974512070594664	서울특별시 송파구 오금로 219	43434	서울 방이동 고분군
스타벅스 송파방이DT점	방이동 226-10	1.3439536477805365	서울특별시 송파구 동남로 263	22232	신선경과 류인호 묘역
스타벅스 송파방이DT점	방이동 226-10	1.3439536477805365	서울특별시 송파구 오금로 363	27075	오금공원
스타벅스 수영강변DT점	반여동 1201	1.2429270628017903	부산광역시 해운대구 반여동	0	장산 (부산 국가지질공원)
스타벅스 수영강변DT점	반여동 1201	2.139334523664219	부산광역시 금정구 명서로85번길 6	0	북맛골
스타벅스 수영강변DT점	반여동 1201	2.1689512415732146	부산광역시 동래구 충렬대로 345	27532	충렬사
스타벅스 수영망미DT점	망미동 412-27	0.7184026835807121	부산광역시 수영구 구락로123번길 20	11123	F1963
스타벅스 수영망미DT점	망미동 412-27	0.8072553389256574	부산광역시 수영구 망미배산로76번나길 15	24538	영주암(부산)
스타벅스 수영망미DT점	망미동 412-27	0.8556810897286365	부산광역시 수영구 연수로379번길 42	22675	25의용단
스타벅스 수원IC DT점	영덕동 522-2 LG동광주유소	1.9251357275232568	경기도 수원시 영통구 광교호수공원로 102	0	광교 프라이부르크전망대
스타벅스 수원IC DT점	영덕동 522-2 LG동광주유소	2.613660693695558	경기도 수원시 영통구	19403	심온선생묘
스타벅스 수원IC DT점	영덕동 522-2 LG동광주유소	2.710931317862676	경기도 수원시 팔달구 동수원로 335	24016	인계예술공원
스타벅스 수원KBS DT점	인계동 363-5	0.6270484175008721	경기도 수원시 팔달구 인계동	31473	월화원
스타벅스 수원KBS DT점	인계동 363-5	0.9408709298619145	경기도 수원시 팔달구 동수원로 335	24016	인계예술공원
스타벅스 수원KBS DT점	인계동 363-5	0.9561647178414564	경기도 수원시 팔달구 경수대로 697	24433	창룡문
스타벅스 수원경수인계DT점	경기 수원시 팔달구 인계동 963-11	0.11634042856541098	경기도 수원시 팔달구 인계동	31473	월화원
스타벅스 수원경수인계DT점	경기 수원시 팔달구 인계동 963-11	0.8099311435653125	경기도 수원시 팔달구 경수대로 697	24433	창룡문
스타벅스 수원경수인계DT점	경기 수원시 팔달구 인계동 963-11	1.235517265890741	경기도 수원시 팔달구 정조로 780	30226	팔달문
스타벅스 수원권선DT점	오목천동 321-20	2.587809388483869	경기도 화성시 기안길 55	1329	실내바다낚시 휴
스타벅스 수원권선DT점	오목천동 321-20	3.6802313030711633	경기도 화성시 매송면 매봉로 40-16	23109	원평허브농원
스타벅스 수원권선DT점	오목천동 321-20	4.824922009751189	경기도 화성시 효행로481번길 21	40864	화성 융릉(장조,헌경왕후)과 건릉(정조,효의왕후) [유네스코 세계문화유산]
스타벅스 수원망포DT점	망포동 38-23 GS칼텍스삼신주유소	1.555749001475902	경기도 수원시 권선구 동수원로 232	48540	수원온수골온천
스타벅스 수원망포DT점	망포동 38-23 GS칼텍스삼신주유소	1.5725741483433149	경기도 수원시 영통구	19403	심온선생묘
스타벅스 수원망포DT점	망포동 38-23 GS칼텍스삼신주유소	2.1679803846611883	경기도 수원시 팔달구 효원로307번길 26	34328	효원공원
스타벅스 수원세류DT점	세류동 325-1	0.8666175174535241	경기도 수원시 팔달구 매산로116번길 18	0	탑교육문화원(찾아가는 VR 체험 버스)
스타벅스 수원세류DT점	세류동 325-1	1.081261618897052	경기도 수원시 팔달구 향교로 107-9	23066	수원향교
스타벅스 수원세류DT점	세류동 325-1	1.4488329073884605	경기도 수원시 팔달구 팔달산로 108	24460	팔달공원
스타벅스 수원연무DT점	연무동 247-16	0.6602891429937047	경기도 수원시 팔달구 창룡대로103번길 20	30636	연무대(동장대)
스타벅스 수원연무DT점	연무동 247-16	0.8209648471814492	경기도 수원시 팔달구 창룡대로 236-54	32997	봉녕사(수원)
스타벅스 수원연무DT점	연무동 247-16	1.073486765788366	경기도 수원시 팔달구 수원천로392번길 44-6	25393	화홍문(華虹門)
스타벅스 수원인계DT점	인계동 1019 1~2층	0.3902119441888891	경기도 수원시 팔달구 인계동	31473	월화원
스타벅스 수원인계DT점	인계동 1019 1~2층	1.0584375086589664	경기도 수원시 팔달구 효원로307번길 26	34328	효원공원
스타벅스 수원인계DT점	인계동 1019 1~2층	1.0932268598960295	경기도 수원시 팔달구 경수대로 697	24433	창룡문
스타벅스 수지성복DT점	성복동 83-2 1~2층	0.9353700615698364	경기도 용인시 수지구 심곡로 16-9	25584	심곡서원
스타벅스 수지성복DT점	성복동 83-2 1~2층	2.5468024808275382	경기도 용인시 기흥구 용구대로 2621	413	분당승무사업소(죽전역)
스타벅스 수지성복DT점	성복동 83-2 1~2층	2.955317634113452	경기도 용인시 기흥구 보정동	54944	보정동카페거리
스타벅스 시흥대야DT점	대야동 501-3	0.6766808321205546	경기 시흥시 신천동	41180	소래산산림욕장
스타벅스 시흥대야DT점	대야동 501-3	0.6766808321205546	경기도 시흥시 신천동	55134	소래산
스타벅스 시흥대야DT점	대야동 501-3	0.9923758647538804	경기도 시흥시 소산서원길 20	3441	소산서원
스타벅스 신림DT점	신림동 564-12	0.8890192789599509	서울특별시 관악구 대학동	27352	관악산 호수공원
스타벅스 신림DT점	신림동 564-12	0.912124504713874	서울 관악구 대학동 203번지 일대	42625	관악산공원 야외식물원
스타벅스 신림DT점	신림동 564-12	1.0445647479115303	서울특별시 관악구 호암로 454-16	38039	삼성산성지
스타벅스 신영통DT점	반월동 163-3	1.7805646571227365	경기도 용인시 기흥구 덕영대로 1732	50451	경희천문대
스타벅스 신영통DT점	반월동 163-3	3.0707762875302747	경기도 수원시 권선구 동수원로 232	48540	수원온수골온천
스타벅스 신영통DT점	반월동 163-3	3.1492337843387137	경기도 수원시 영통구	19403	심온선생묘
스타벅스 신월IC DT점	신월동 205-49	0.4796575165165795	서울특별시 양천구 남부순환로64길 20	37233	서서울호수공원
스타벅스 신월IC DT점	신월동 205-49	0.7418949583757857	서울특별시 양천구 곰달래로13길 73	0	푸드뱅크마켓 신월점&50스타트센터
스타벅스 신월IC DT점	신월동 205-49	1.1175724313786328	서울특별시 양천구 신월동	0	지양산(무장애숲길,유아숲체험원)
스타벅스 신정DT점	신정동 981-15	0.41539072995720266	서울특별시 양천구 오목로 359	0	무중력지대 양천
스타벅스 신정DT점	신정동 981-15	0.6921848384701421	서울특별시 양천구 목동로25길 23	0	양천구 로데오거리
스타벅스 신정DT점	신정동 981-15	0.7452857165590318	서울특별시 양천구 신정동	0	신트리공원(농촌체험,자연학습장)
스타벅스 아산방축DT점	방축동 124-5	0.6524210149257939	충청남도 아산시 온천대로 1459	12144	온양관광호텔 온천탕
스타벅스 아산방축DT점	방축동 124-5	0.8899088959758925	충청남도 아산시 온천동	137492	온양온천지구
스타벅스 아산방축DT점	방축동 124-5	1.0295903420882528	충청남도 아산시 온천대로 1496	19660	이충무공사적비
스타벅스 안성공도DT점	마정리 147-8	0.536423037773901	경기도 안성시 공도읍 대림동산길 36	24568	안성맞춤가족공원
스타벅스 안성공도DT점	마정리 147-8	2.047495040309084	경기도 안성시 공도읍 대신두길 28	5705	안성팜랜드
스타벅스 안성공도DT점	마정리 147-8	3.299070756532183	경기도 안성시 양성면 방신리	18558	무양산성(무한성)
스타벅스 안성석정DT점	석정동 254-3	0.5761783657260684	경기도 안성시 내혜홀3길 7-1	19807	아양동 석불입상
스타벅스 안성석정DT점	석정동 254-3	0.7115338984637102	경기도 안성시 안성맞춤대로 1143	22578	솔밭공원
스타벅스 안성석정DT점	석정동 254-3	0.8905392457119008	경기도 안성시 낙원길 22	27086	안성향교
스타벅스 안양비산DT점	비산동 580-6	1.6537215867058332	경기도 안양시 동안구 관평로 149	22275	안양 중앙공원
스타벅스 안양비산DT점	비산동 580-6	2.0743101144482368	경기도 안양시 동안구 귀인로190번길 90-16	20062	평촌 먹거리촌
스타벅스 안양비산DT점	비산동 580-6	2.1387117574181187	경기도 안양시 만안구 안양로291번길 34	20737	안양명물 순대곱창골목
스타벅스 안양석수DT점	석수동 385-3	1.1069636184890963	경기 안양시 만안구 석수동	48040	삼성산
스타벅스 안양석수DT점	석수동 385-3	1.2776463352762977	경기도 안양시 만안구 석수로	35414	안양천
스타벅스 안양석수DT점	석수동 385-3	1.6728717611002095	경기도 광명시 기아로 113	50698	기아자동차 소하리공장
스타벅스 안양운동장사거리DT점	비산동 1054	1.6325233427811467	경기도 안양시 동안구 관평로 149	22275	안양 중앙공원
스타벅스 안양운동장사거리DT점	비산동 1054	2.3531482115634947	경기도 안양시 만안구 임곡로 245	22060	망해암
스타벅스 안양운동장사거리DT점	비산동 1054	2.3961862638303875	경기도 안양시 동안구 귀인로190번길 90-16	20062	평촌 먹거리촌
스타벅스 안양호계DT점	호계동 714-5	0.6345652956322848	경기도 군포시 농심로 35	2901	농심 안양공장
스타벅스 안양호계DT점	호계동 714-5	1.8386459171846323	경기도 안양시 동안구 귀인로190번길 90-16	20062	평촌 먹거리촌
스타벅스 안양호계DT점	호계동 714-5	2.640763454278573	경기도 안양시 동안구 관평로 149	22275	안양 중앙공원
스타벅스 양산덕계DT점	덕계동 323-2	1.5764872668895544	경상남도 양산시 매곡4길 35	21131	천불사(경남)
스타벅스 양산덕계DT점	덕계동 323-2	2.0806102014630365	경상남도 양산시 그린공단1길 27	3560	천호엔케어
스타벅스 양산덕계DT점	덕계동 323-2	2.4995054796833838	경상남도 양산시 매곡3길 12-202	18386	수월사(경남)
스타벅스 양주광사DT점	광사동 342-7	3.5229909976459934	경기도 양주시 부흥로1423번길 50	19171	양주향교
스타벅스 양주광사DT점	광사동 342-7	4.019155280036654	경기도 양주시 유양동	54301	불곡산
스타벅스 양주광사DT점	광사동 342-7	4.072819898680518	경기도 양주시 백화암길 191	19415	백화암(양주)
스타벅스 양주덕정역DT점	덕정동 223-8	3.4470895446098697	경기도 양주시 회암동	28335	양주 회암사지
스타벅스 양주덕정역DT점	덕정동 223-8	4.1639566665688195	경기도 양주시 회암사길 281	7652	회암사(양주)
스타벅스 양주덕정역DT점	덕정동 223-8	5.7980791151293705	경기도 양주시 백화암길 191	19415	백화암(양주)
스타벅스 양주송추DT점	교현리 112-2	1.757840134833324	경기도 양주시 장흥면 호국로 332	24435	양주 도자기나라
스타벅스 양주송추DT점	교현리 112-2	1.988758679298817	경기도 양주시 장흥면 호국로 255-41	33037	양주 온릉(단경왕후) [유네스코 세계문화유산]
스타벅스 양주송추DT점	교현리 112-2	2.1190755307640985	경기도 양주시 장흥면 부곡리	25731	순교자 황사영 알렉시오 묘
스타벅스 여수둔덕DT점	둔덕동 491-1	2.362491749117834	전라남도 여수시 시전동	26072	여수 선소유적
스타벅스 여수둔덕DT점	둔덕동 491-1	2.715487999258215	전라남도 여수시 웅천동	0	예술의 섬 장도
스타벅스 여수둔덕DT점	둔덕동 491-1	3.2870450347280316	전라남도 여수시 여천동	19694	여수 석보(구, 석창성지)
스타벅스 여수학동DT점	학동 67-6 18, 19	0.1648026456324164	전라남도 여수시	1642	여수갯벌노을마을
스타벅스 여수학동DT점	학동 67-6 18, 19	0.1648026456324164	전라남도 여수시 이순신대로	1490	이순신대교
스타벅스 여수학동DT점	학동 67-6 18, 19	0.9630571733669904	전라남도 여수시 여천동	19694	여수 석보(구, 석창성지)
스타벅스 여주DT점	경기도 여주군 여주읍 점봉리 429-12	1.7717448906675852	경기도 여주시 명성로 71	43308	명성황후 생가
스타벅스 여주DT점	경기도 여주군 여주읍 점봉리 429-12	2.6882576557015097	경기도 여주시 향교1길 24	4369	여주향교
스타벅스 여주DT점	경기도 여주군 여주읍 점봉리 429-12	3.1811134542870434	경기도 여주시 주내로 13	26866	영월루
스타벅스 역곡역DT점	괴안동 112-25	1.346246872597296	경기도 부천시 소사로 367	28523	석왕사(경기)
스타벅스 역곡역DT점	괴안동 112-25	1.8872552740412805	경기도 부천시 원미구 소사로 456	28592	부천 원미공원
스타벅스 역곡역DT점	괴안동 112-25	2.454558309122984	경기도 부천시 길주로 660	40070	부천식물원
스타벅스 연희DT점	연희동 87-7 ,87-8	0.7524962289594193	서울특별시 서대문구 성산로13길 35-1	6612	해병대104고지전적비
스타벅스 연희DT점	연희동 87-7 ,87-8	0.8078174781760278	서울특별시 서대문구 연세로 50	22274	서울 연세대학교 스팀슨관
스타벅스 연희DT점	연희동 87-7 ,87-8	1.179239768450613	서울특별시 서대문구 봉원동	0	안산
스타벅스 영등포신길DT점	신길동 252-9 253-331253-333253-334253-335253-336	0.5784713728254018	서울특별시 영등포구 신길로 190	4631	이탈리아의무부대 6.25전쟁 참전기념비
스타벅스 영등포신길DT점	신길동 252-9 253-331253-333253-334253-335253-336	0.6741727627201717	서울특별시 영등포구 신길로 200-20	32799	영등포 신길동 홍어거리
스타벅스 영등포신길DT점	신길동 252-9 253-331253-333253-334253-335253-336	1.2595296713659865	서울특별시 영등포구 신길로 275	2981	맥아더 사령관 한강방어선 시찰지
스타벅스 오산IC DT점	원동 119-85	0.2683960548179409	경기도 오산시 원동	20459	운암뜰 한식거리
스타벅스 오산IC DT점	원동 119-85	2.251871367712898	경기도 오산시 경기대로 742	29380	유엔군 초전기념비
스타벅스 오산IC DT점	원동 119-85	2.2643946999693845	경기도 오산시 매홀로 3	20497	궐리사
스타벅스 오산갈곶DT점	갈곶동 244-3 245, 245-1, 245-5번지	1.5192062607366106	경기도 오산시 원동	20459	운암뜰 한식거리
스타벅스 오산갈곶DT점	갈곶동 244-3 245, 245-1, 245-5번지	3.342428394754392	경기도 오산시 경기대로 742	29380	유엔군 초전기념비
스타벅스 오산갈곶DT점	갈곶동 244-3 245, 245-1, 245-5번지	3.40796344373152	경기도 오산시 매홀로 3	20497	궐리사
스타벅스 온천장역DT점	장전동 607-6	0.6153369409903817	부산광역시 동래구 금강공원로20번길 23	134579	허심청
스타벅스 온천장역DT점	장전동 607-6	0.6382192312333658	부산광역시 동래구 금강공원로26번길 21	32820	동래온천 노천족탕
스타벅스 온천장역DT점	장전동 607-6	0.6431997248320395	부산광역시 동래구 금강로124번길 23-17	18356	온정개건비
스타벅스 용인김량장DT점	김량장동 177-1	4.570104773887435	경기도 용인시 처인구 동백죽전대로 111-14	9170	화운사
스타벅스 용인김량장DT점	김량장동 177-1	5.8107980339541285	경기도 용인시 처인구 양지면 대대로 110	23289	한터 조랑말농장
스타벅스 용인김량장DT점	김량장동 177-1	6.028543577540197	경기도 용인시 처인구 포곡읍 에버랜드로 199	47584	캐리비안베이
스타벅스 용인동백DT점	상하동 461-2	2.446176225973073	경기도 용인시 기흥구 민속촌로 90	93313	한국민속촌
스타벅스 용인동백DT점	상하동 461-2	2.9706150584128053	경기도 용인시 기흥구 용인향교로 12-6	3654	용인향교
스타벅스 용인동백DT점	상하동 461-2	3.0368299786804385	경기도 용인시 처인구 동백죽전대로 111-14	9170	화운사
스타벅스 용인마북DT점	마북동 502-152	0.9005958791711018	경기도 용인시 기흥구 용인향교로 12-6	3654	용인향교
스타벅스 용인마북DT점	마북동 502-152	1.1460664736162514	경기도 용인시 기흥구 마북로 119-8	0	장욱진고택
스타벅스 용인마북DT점	마북동 502-152	2.056221878746106	경기도 용인시 기흥구 보정동	54944	보정동카페거리
스타벅스 용인보라DT점	보라동 376-6	0.7033520752066704	경기도 용인시 기흥구 상갈동	20422	기흥맛깔촌
스타벅스 용인보라DT점	보라동 376-6	1.5227932545973522	경기도 용인시 기흥구 민속촌로 90	93313	한국민속촌
스타벅스 용인보라DT점	보라동 376-6	2.639037263466017	경기도 용인시 기흥구 덕영대로 1732	50451	경희천문대
스타벅스 용인상하DT점	경기 용인시 기흥구 상하동 249-2	1.865404180305381	경기도 용인시 처인구 동백죽전대로 111-14	9170	화운사
스타벅스 용인상하DT점	경기 용인시 기흥구 상하동 249-2	1.945250452559391	경기도 용인시 기흥구 민속촌로 90	93313	한국민속촌
스타벅스 용인상하DT점	경기 용인시 기흥구 상하동 249-2	3.315537851809529	경기도 용인시 기흥구 상갈동	20422	기흥맛깔촌
스타벅스 용인시청DT점	삼가동 197-4 197-7, 264-6	1.5890093721012986	경기도 용인시 처인구 동백죽전대로 111-14	9170	화운사
스타벅스 용인시청DT점	삼가동 197-4 197-7, 264-6	3.8976707478768717	경기도 화성시 동탄면 풀무골로 219	25360	만의사(화성)
스타벅스 용인시청DT점	삼가동 197-4 197-7, 264-6	4.9757690068562255	경기도 용인시 기흥구 민속촌로 90	93313	한국민속촌
스타벅스 울산MBC DT점	복산동 40-6	0.2168073889280145	울산광역시 중구 서원3길 65	24200	울산문화방송 방송직업 체험 교육 Play-M
스타벅스 울산MBC DT점	복산동 40-6	1.0151073121651641	울산광역시 중구 학성공원3길 54	25157	학성공원
스타벅스 울산MBC DT점	복산동 40-6	1.0742123606813951	울산광역시 중구 문화의거리 38	3876	태화서원
스타벅스 울산남구청DT점	신정동 133-1	0.9186628227392916	울산광역시 중구 옥교동	2214	울산 문화의거리
스타벅스 울산남구청DT점	신정동 133-1	1.3384913394692644	울산광역시 중구 학성로 65	1498	큐빅광장
스타벅스 울산남구청DT점	신정동 133-1	1.3610297213718319	울산광역시	37284	울산 12경
스타벅스 울산도산사거리DT점	울산 남구 야음동 580	1.3245421129764992	울산광역시 남구 여천로66번길 7	0	울산 신화마을
스타벅스 울산도산사거리DT점	울산 남구 야음동 580	1.72858080128373	울산광역시 남구 선암호수길 104	12376	선암호수공원
스타벅스 울산도산사거리DT점	울산 남구 야음동 580	1.884151070486645	울산광역시	37284	울산 12경
스타벅스 울산북구청DT점	연암동 1223-2 2필지	1.503504648632782	울산광역시 중구 서동	2278	울산 경상좌도병영성
스타벅스 울산북구청DT점	연암동 1223-2 2필지	1.5107974144854168	울산광역시 중구 병영성11길 25	17981	삼일사
스타벅스 울산북구청DT점	연암동 1223-2 2필지	1.5491313516120253	울산광역시 중구 병영성길 89	9041	병영교회
스타벅스 울산시청사거리DT점	달동 875-12	0.2368863506416272	울산광역시	37284	울산 12경
스타벅스 울산시청사거리DT점	달동 875-12	1.2001627534703143	울산광역시 남구 두왕로 277	25043	울산 태화사지 십이지상 사리탑
스타벅스 울산시청사거리DT점	달동 875-12	1.3772695374413495	울산광역시 남구 남산로 306	0	태화강동굴피아
스타벅스 울산정자비치DT점	산하동 398	0.5031729327291501	울산광역시 북구 동해안로 1650	36357	강동몽돌해변
스타벅스 울산정자비치DT점	산하동 398	0.7979845635974769	울산광역시 북구 화암길	31134	강동 화암 주상절리
스타벅스 울산정자비치DT점	산하동 398	1.0208764429636417	울산광역시 북구 산하중앙2로 87-33	0	울산안전체험관
스타벅스 울산중리사거리DT점	삼산동 1545-5	1.1754328984699725	울산광역시 중구 학성공원3길 54	25157	학성공원
스타벅스 울산중리사거리DT점	삼산동 1545-5	1.5951176250648167	울산광역시 중구 옥교동	2214	울산 문화의거리
스타벅스 울산중리사거리DT점	삼산동 1545-5	1.8408092136794647	울산광역시 중구 서원3길 65	24200	울산문화방송 방송직업 체험 교육 Play-M
스타벅스 울산호계DT점	울산광역시 북구 농소2동 546-2	0.570696535618527	울산광역시 북구 산업로	36349	정자.당사마을
스타벅스 울산호계DT점	울산광역시 북구 농소2동 546-2	2.190407150472024	울산광역시 북구 매곡산업로 35	1849	자동차부품기술연구소 모토웰
스타벅스 울산호계DT점	울산광역시 북구 농소2동 546-2	2.8572016827483164	울산광역시 북구 중산동	16618	중산동 고분군
스타벅스 원당DT점	주교동 620-1	0.7765257900328649	경기도 고양시 덕양구 고양대로 1445-46	2861	덕양서원(고양)
스타벅스 원당DT점	주교동 620-1	2.3659314770901365	경기도 고양시 덕양구 화중로104번길 13	0	화정 문화의거리
스타벅스 원당DT점	주교동 620-1	2.74715048543361	경기도 고양시 덕양구 서삼릉길 233-126	38302	고양 서삼릉(장경왕후) [유네스코 세계문화유산]
스타벅스 원주명륜DT점	명륜동 290-1	0.3404995226720111	강원도 원주시 향교길 37-1	25772	원주향교
스타벅스 원주명륜DT점	명륜동 290-1	1.1007466694001242	강원도 원주시 원일로 27	487	원동성당
스타벅스 원주명륜DT점	명륜동 290-1	1.2670746852408143	강원도 원주시 강변로 385	268	월운여울길
스타벅스 원주반곡DT점	반곡동 1141	0.12379686661036525	강원도 원주시 동부순환로 26	273	금대길
스타벅스 원주반곡DT점	반곡동 1141	1.103241326435572	강원도 원주시 토지길 1	33569	박경리문학공원
스타벅스 원주반곡DT점	반곡동 1141	2.589004205636666	강원도 원주시 강변로 385	268	월운여울길
스타벅스 을숙도강변DT점	하단동 1157-17	1.3525074697808668	부산광역시 사하구 낙동남로1233번길 1	379	낙동강문화관
스타벅스 을숙도강변DT점	하단동 1157-17	1.4148207604587255	부산광역시 사하구 하단동	26527	부산 에덴공원
스타벅스 을숙도강변DT점	하단동 1157-17	1.7203075047254888	부산광역시 사하구 낙동남로 1240	38639	낙동강하구에코센터
스타벅스 의왕청계DT점	경기 의왕시 청계동 829-4	0.8291695391606875	경기도 의왕시 백운로 497-3	23536	백운호수 음식마을
스타벅스 의왕청계DT점	경기 의왕시 청계동 829-4	0.9450765965326088	경기도 의왕시 백운로 485-4	57310	백운호수
스타벅스 의왕청계DT점	경기 의왕시 청계동 829-4	1.8764604493762767	경기 의왕시 학의동	0	백운호수 생태탐방로
스타벅스 의정부녹양DT점	가능동 93-1 92-2 (2필지)	1.795179166529389	경기도 의정부시 호국로1309번길 7	33726	의정부 부대찌개거리
스타벅스 의정부녹양DT점	가능동 93-1 92-2 (2필지)	3.161760607646777	경기도 양주시 부흥로1423번길 50	19171	양주향교
스타벅스 의정부녹양DT점	가능동 93-1 92-2 (2필지)	3.1700902976023237	경기도 양주시 어둔동	18731	양주 대모산성
스타벅스 의정부신곡DT점	경기 의정부시 신곡동 263-17	2.2923405974010023	경기도 의정부시 장곡로 22	0	아일랜드캐슬
스타벅스 의정부신곡DT점	경기 의정부시 신곡동 263-17	2.399497569008143	경기도 의정부시 호국로1309번길 7	33726	의정부 부대찌개거리
스타벅스 의정부신곡DT점	경기 의정부시 신곡동 263-17	2.7844425844463063	경기도 의정부시 동일로122번길 177	22821	석림사(경기)
스타벅스 의정부예술의전당DT점	의정부동 543-6	1.5330846364656388	경기도 의정부시 호국로1309번길 7	33726	의정부 부대찌개거리
스타벅스 의정부예술의전당DT점	의정부동 543-6	1.7636834278631508	경기도 의정부시 전좌로155번길 262	23634	회룡사(경기)
스타벅스 의정부예술의전당DT점	의정부동 543-6	2.801312447825152	경기도 의정부시 망월로28번길 356	21177	원효사(경기)
스타벅스 의정부용현DT점	경기 의정부시 용현동 189-3 4, 20, 21, 22(5필지)	1.4041930556312758	경기도 의정부시 고산로65번길 94	19789	미륵암
스타벅스 의정부용현DT점	경기 의정부시 용현동 189-3 4, 20, 21, 22(5필지)	2.490645994780514	경기도 의정부시 송산로939번길 98	54850	담다헌 체험교육관
스타벅스 의정부용현DT점	경기 의정부시 용현동 189-3 4, 20, 21, 22(5필지)	3.354638721463024	경기도 남양주시 별내면 순화궁로909번길 104	18650	내원암(경기)
스타벅스 의정부회룡역DT점	호원동 433-1	1.6985667808144094	경기도 의정부시 장곡로 22	0	아일랜드캐슬
스타벅스 의정부회룡역DT점	호원동 433-1	1.775609109285377	경기도 의정부시 전좌로155번길 262	23634	회룡사(경기)
스타벅스 의정부회룡역DT점	호원동 433-1	2.2284357668691026	경기도 의정부시 망월로28번길 356	21177	원효사(경기)
스타벅스 이천사음DT점	사음동 572-1	1.1737602133076803	경기도 이천시 신둔면 경충대로3150번길 19	58718	이천도예마을
스타벅스 이천사음DT점	사음동 572-1	1.4875862036342584	경기도 이천시 신둔면 경충대로 3194	23153	도예촌 쌀밥거리
스타벅스 이천사음DT점	사음동 572-1	1.5977338781599115	경기도 이천시 신둔면 경충대로 3217	32265	지순택요(고려도요)
스타벅스 이천증포DT점	경기 이천시 증포동 216-3 216-8, 216-10, 216-13, 217-5, 217-7	2.16455110712576	경기도 이천시 향교로 1	3232	이천향교
스타벅스 이천증포DT점	경기 이천시 증포동 216-3 216-8, 216-10, 216-13, 217-5, 217-7	2.3517958258976224	경기도 이천시 중리천로115번길 45	36898	스파플러스
스타벅스 이천증포DT점	경기 이천시 증포동 216-3 216-8, 216-10, 216-13, 217-5, 217-7	2.619489727299442	경기도 이천시 백사면 원적로568번길 205-26	21880	이천 신대리 백송
스타벅스 익산영등DT점	영등동 340-11	0.2925158791032004	전라북도 익산시 고봉로 279	538	문화공감 곳간(관광두레 주민사업체)
스타벅스 익산영등DT점	영등동 340-11	0.8785741883180663	전라북도 익산시 궁동로 57	16593	영등동 유적
스타벅스 익산영등DT점	영등동 340-11	2.010939523238197	전라북도 익산시 익산대로 501	25991	원불교중앙총부
스타벅스 인천간석DT점	간석동 617-6	1.831747043230364	인천광역시 미추홀구 경인로 263	27044	스파시스
스타벅스 인천간석DT점	간석동 617-6	1.9180229839958884	인천광역시 남동구 풀무로 48	40064	약사사(인천)
스타벅스 인천간석DT점	간석동 617-6	2.2818102360917134	인천광역시 미추홀구 염전로 372	19098	용화선원
스타벅스 인천갈산DT점	갈산동 32-2 34-1	0.8658381297639914	인천광역시 부평구 굴포로 141	21507	굴포천 생태하천
스타벅스 인천갈산DT점	갈산동 32-2 34-1	1.5517332512671145	인천광역시 부평구 신트리로 21	34890	신트리공원
스타벅스 인천갈산DT점	갈산동 32-2 34-1	2.0959804585513817	경기도 부천시 원미구 조마루로 15	44775	상동호수공원
스타벅스 인천강화DT점	갑곳리 203-10	0.4362242989296515	인천광역시 강화군 강화읍 강화대로	262135	강화도
스타벅스 인천강화DT점	갑곳리 203-10	0.5199141759772606	인천광역시 강화군 강화읍 강화대로 394	54616	고려궁지
스타벅스 인천강화DT점	갑곳리 203-10	0.6650969948929829	인천광역시 강화군 강화읍 남문안길20번길 8	0	소창체험관
스타벅스 인천당하DT점	당하동 1092-7	2.257347984203644	인천광역시 서구 거월로 61	46135	드림파크
스타벅스 인천당하DT점	당하동 1092-7	3.2779031722652685	경기도 김포시 승가로 125	22541	금정사(김포)
스타벅스 인천당하DT점	당하동 1092-7	3.7906831351458585	경기도 김포시 장릉로 79	37835	김포 장릉(인헌왕후) [유네스코 세계문화유산]
스타벅스 인천동춘DT점	동춘동 224-5	0.5197225078582657	인천광역시 연수구 청량로46번길 38	36249	흥륜사(인천)
스타벅스 인천동춘DT점	동춘동 224-5	1.1378044460748689	인천광역시 연수구 청룡로 80	18809	호불사
스타벅스 인천동춘DT점	동춘동 224-5	1.2787376535639652	인천광역시 연수구 국제항만대로 438	0	인천항크루즈터미널
스타벅스 인천서구청DT점	심곡동 248-5	2.196911982177967	인천광역시 서구 봉수대로 257	35998	해수워터피아
스타벅스 인천서구청DT점	심곡동 248-5	2.196911982177967	인천광역시 서구 봉수대로 196	25459	영창뮤직
스타벅스 인천서구청DT점	심곡동 248-5	2.4769708012315785	인천광역시 서구 도요지로 54	20481	인천 경서동 녹청자 요지
스타벅스 인천송도DT점	송도동 8-17 레인보우빌딩	1.1603422925379332	인천광역시 연수구 테크노파크로 196	1122	송도 센트럴파크
스타벅스 인천송도DT점	송도동 8-17 레인보우빌딩	2.5052580831354776	인천광역시 연수구 능허대로 192	22598	아암도해안공원
스타벅스 인천송도DT점	송도동 8-17 레인보우빌딩	3.096626651097759	인천광역시 연수구 옥련동	18644	능허대지
스타벅스 인천용현DT점	용현동 630-9	1.867682863586536	인천광역시 미추홀구 인하로 100	19845	대한민국 수준원점
스타벅스 인천용현DT점	용현동 630-9	2.0254510448765317	인천광역시 중구 큰무리로 23	21524	실미원농장
스타벅스 인천용현DT점	용현동 630-9	2.0254510448765317	인천광역시 중구 큰무리로 99	48031	실미해수욕장
스타벅스 인천학익DT점	인천광역시 남구 학익1동 매소홀로 368	1.339959209748928	인천광역시 미추홀구 인하로 100	19845	대한민국 수준원점
스타벅스 인천학익DT점	인천광역시 남구 학익1동 매소홀로 368	1.3694330482488561	인천광역시 미추홀구 경인남길30번길 45-1	20887	인하대후문먹거리타운
스타벅스 인천학익DT점	인천광역시 남구 학익1동 매소홀로 368	1.7195821897714332	인천광역시 연수구 비류대로232번길	18924	청학동외국인묘지
스타벅스 일산덕이DT점	덕이동 469 469-1	1.4401873444358348	경기도 고양시 일산서구 고양대로662번길 35	26938	고양 구 일산역사
스타벅스 일산덕이DT점	덕이동 469 469-1	1.5323295822764074	경기도 고양시 일산서구 대산로 213	0	일산 대화동 먹자골목
스타벅스 일산덕이DT점	덕이동 469 469-1	2.365574897675723	경기도 고양시 일산서구 송산로 464-52	50305	선인장다육식물연구소(구 선인장연구소)
스타벅스 일산애니골DT점	풍동 609	0.4399052727619212	경기도 고양시 일산동구 애니골길 15-46	29344	풍동 애니골
스타벅스 일산애니골DT점	풍동 609	1.443661461912152	경기도 고양시 일산동구 경의로	2953	한국지역난방공사 고양지사
스타벅스 일산애니골DT점	풍동 609	2.3660742051693755	경기도 고양시 일산서구 고양대로662번길 35	26938	고양 구 일산역사
스타벅스 일산풍동DT점	경기 고양시 일산동 풍동 879	1.415991029599424	경기도 고양시 일산동구 경의로	2953	한국지역난방공사 고양지사
스타벅스 일산풍동DT점	경기 고양시 일산동 풍동 879	1.4763492252977617	경기도 고양시 일산동구 애니골길 15-46	29344	풍동 애니골
스타벅스 일산풍동DT점	경기 고양시 일산동 풍동 879	2.3315856491410147	경기도 고양시 일산동구 장대들길 680	0	장항습지
스타벅스 전남광양DT점	전라남도 광양시 중동 1321-5	5.105623393041469	전라남도 광양시 구봉산전망대길 155	0	구봉산 전망대
스타벅스 전남광양DT점	전라남도 광양시 중동 1321-5	5.893795702685244	전라남도 광양시 명당길 160-16	32499	배알도 수변공원
스타벅스 전남광양DT점	전라남도 광양시 중동 1321-5	6.374637140495559	전라남도 광양시 진월면 망덕길 249	0	광양 윤동주 유고보존 정병욱 가옥
스타벅스 전북대병원DT점	전북 전주시 덕진구 금암동 1552-19	1.527667785755522	전라북도 전주시 덕진구 권삼득로 390	46209	덕진공원
스타벅스 전북대병원DT점	전북 전주시 덕진구 금암동 1552-19	1.5402720605617275	전라북도 전주시 덕진구 덕진동	26538	조경단
스타벅스 전북대병원DT점	전북 전주시 덕진구 금암동 1552-19	1.7569724134033171	전라북도 전주시 덕진구 소리로 68	35497	전주동물원
스타벅스 전북정읍DT점	수성동 449-1	0.19304549300352766	전라북도 정읍시 수성동	18152	성황산
스타벅스 전북정읍DT점	수성동 449-1	0.5432068494307022	전라북도 정읍시 중앙1길 147	3984	전설의 쌍화차 거리
스타벅스 전북정읍DT점	수성동 449-1	0.5631067259250516	전라북도 정읍시 충정로 214-3	17377	충무공원
스타벅스 전주덕진광장DT점	덕진동1가 1275-22	0.4177420674424291	전라북도 전주시 덕진구 덕진동	26538	조경단
스타벅스 전주덕진광장DT점	덕진동1가 1275-22	0.6000570283514784	전라북도 전주시 덕진구 권삼득로 390	46209	덕진공원
스타벅스 전주덕진광장DT점	덕진동1가 1275-22	1.9209397068831355	전라북도 전주시 완산구 평화7길 49-67	20129	학소암(전주)
스타벅스 전주백제대로DT점	중화산동2가 648	0.4203749949925081	전라북도 전주시 완산구	18855	다가공원
스타벅스 전주백제대로DT점	중화산동2가 648	0.6099750369670286	전라북도 전주시 완산구 중화산동	16807	화산서원비
스타벅스 전주백제대로DT점	중화산동2가 648	0.7709465409797345	전라북도 전주시 완산구 신촌3길 24	0	스파라쿠아 전주온천
스타벅스 전주송천DT점	송천동2가 487	0.9505863211382184	전라북도 전주시 덕진구 송천동 1가	19880	오송제
스타벅스 전주송천DT점	송천동2가 487	2.137330375438109	전라북도 전주시 덕진구 권삼득로 390	46209	덕진공원
스타벅스 전주송천DT점	송천동2가 487	2.300534720880478	전라북도 전주시 완산구 평화7길 49-67	20129	학소암(전주)
스타벅스 전주평화DT점	평화동2가 300-1	1.9252732444408482	전라북도 전주시 완산구 외칠봉1길 36	23121	정혜사(전주)
스타벅스 전주평화DT점	평화동2가 300-1	2.483745018887849	전라북도 전주시 완산구 서서학동	27645	완산칠봉(완산공원)
스타벅스 전주평화DT점	평화동2가 300-1	2.757467775200299	전라북도 전주시 완산구 남고산성1길 53-140	20705	불정사(전주)
스타벅스 전주효자DT점	효자동1가 410-6	1.0559939507566054	전라북도 전주시 완산구	18855	다가공원
스타벅스 전주효자DT점	효자동1가 410-6	1.34553781264391	전라북도 전주시 완산구 신촌3길 24	0	스파라쿠아 전주온천
스타벅스 전주효자DT점	효자동1가 410-6	1.7482730019565802	전라북도 전주시 완산구 중화산동	16807	화산서원비
스타벅스 제주도남DT점	도남동 377	0.8925911351964548	제주특별자치도 제주시 복지로1길 8	1998	KBS 제주
스타벅스 제주도남DT점	도남동 377	1.503706324020489	제주특별자치도 제주시 독짓골8길 26	21646	보덕사(제주)
스타벅스 제주도남DT점	도남동 377	1.929830596091592	제주특별자치도 제주시 연미길	3712	가새기오름
스타벅스 제주삼화DT점	제주 제주시 도련일동 2191-2	1.4978098098867119	제주특별자치도 제주시 선사로2길 13	17288	제주 삼양동 유적
스타벅스 제주삼화DT점	제주 제주시 도련일동 2191-2	1.6013186903964767	제주특별자치도 제주시 선반로	25322	별도봉(베리오름)
스타벅스 제주삼화DT점	제주 제주시 도련일동 2191-2	2.0211971389657735	제주특별자치도 제주시 서흘길	31029	삼양 검은모래해변
스타벅스 제주성산DT점	고성리 238	0.0	제주특별자치도 서귀포시 성산읍 고성리	386	광치기해변
스타벅스 제주성산DT점	고성리 238	0.7364036265122449	제주특별자치도 서귀포시 성산읍 신고로	20215	신양마을
스타벅스 제주성산DT점	고성리 238	1.5783924718587443	제주특별자치도 서귀포시 성산읍 섭지코지로 88	45084	신양 섭지코지해변
스타벅스 제주애월DT점	고내리 340	1.5930313942414709	제주특별자치도 제주시 애월읍 하가로	26169	연화못(하가못)
스타벅스 제주애월DT점	고내리 340	1.7688245753164566	제주특별자치도 제주시 애월읍 애월해안로	22152	구엄어촌체험마을
스타벅스 제주애월DT점	고내리 340	3.2737778222589826	제주특별자치도 제주시 애월읍 애원로 283	1945	제주샘주 공장
스타벅스 제주외도DT점	외도일동 401-1	1.9981099000333136	제주특별자치도 제주시 애월읍 하귀동남2길 40-16	20570	월영사(제주)
스타벅스 제주외도DT점	외도일동 401-1	3.541276802317391	제주특별자치도 제주시 애월읍 무수천길	25786	무수천
스타벅스 제주외도DT점	외도일동 401-1	3.5819444054749288	제주특별자치도 제주시 도리로	59162	이호테우해변
스타벅스 제주용담DT점	용담삼동 2572-4 화이트하우스	0.851116166215952	제주특별자치도 제주시 용담3동	3418	어영소공원
스타벅스 제주용담DT점	용담삼동 2572-4 화이트하우스	1.8736206021493875	제주특별자치도 제주시 서해안로 630	39014	용두암해수랜드
스타벅스 제주용담DT점	용담삼동 2572-4 화이트하우스	2.2753707148982727	제주특별자치도 제주시 도리로	59162	이호테우해변
스타벅스 제주중문DT점	제주 서귀포시 천제연로 95	0.21422813846428845	제주특별자치도 서귀포시 중문관광로 38	60127	중문관광단지
스타벅스 제주중문DT점	제주 서귀포시 천제연로 95	0.2845853177726584	제주특별자치도 서귀포시 중문관광로 93	56328	여미지식물원
스타벅스 제주중문DT점	제주 서귀포시 천제연로 95	0.3491344021906277	제주특별자치도 서귀포시 천제연로 132	110149	천제연폭포
스타벅스 제천DT점	중앙로2가 68-3	0.4538791096045427	충청북도 제천시 용두천로20길 18	9032	교동민화마을(관광두레 주민사업체)
스타벅스 제천DT점	중앙로2가 68-3	0.4958453724838184	충청북도 제천시 칠성로 117	16763	제천향교
스타벅스 제천DT점	중앙로2가 68-3	0.9245800955054616	충청북도 제천시 의병대로12길 14-1	4844	제천 엽연초수납 취급소
스타벅스 종암DT점	종암동 29-10	0.4275325172615692	서울특별시 성북구 안암로 145	22472	서울 고려대학교 본관
스타벅스 종암DT점	종암동 29-10	0.6845151496594669	서울특별시 동대문구 회기로 57	234633	홍릉수목원
스타벅스 종암DT점	종암동 29-10	0.7319522683073272	서울특별시 성북구 개운사길 73	23958	개운사(서울)
스타벅스 진주칠암DT점	주약동 109-3 9필지	0.5785563178204604	경상남도 진주시 남강로 751-51	0	선학산전망대
스타벅스 진주칠암DT점	주약동 109-3 9필지	0.5785563178204604	경상남도 진주시 남강로 626	44694	촉석루
스타벅스 진주칠암DT점	주약동 109-3 9필지	0.5785563178204604	경상남도 진주시 남강로 542	43196	진주 음악분수대
스타벅스 진해자은DT점	자은동 793-2	0.3908805880501432	경남 창원시 진해구 자은동	22930	시루봉
스타벅스 진해자은DT점	자은동 793-2	1.2287559486284108	경상남도 창원시 진해구	21353	망산도·유주암·유주비각
스타벅스 진해자은DT점	자은동 793-2	1.8123576387592948	경상남도 창원시 진해구 진해대로1137번길 89	0	진해보타닉뮤지엄
스타벅스 창원역DT점	팔용동 157-2	1.5773121385426645	경상남도 창원시 마산회원구 구암북4길 7-10	1725	구암서원(창원)
스타벅스 창원역DT점	팔용동 157-2	1.8288770848247355	경상남도 창원시 의창구 의안로59번길 6	2723	창원향교
스타벅스 창원역DT점	팔용동 157-2	1.9107017787446696	경상남도 창원시 마산회원구 3·15성역로 75	27637	국립 3·15 민주묘지
스타벅스 창원호계DT점	호계리 177-2	3.4227774677527414	경상남도 창원시 마산회원구 두곡길 54	1399	두곡서원(창원)
스타벅스 창원호계DT점	호계리 177-2	3.5483971224422364	경상남도 창원시 마산회원구 내서읍 원계증산길 57-11	1697	증산서원
스타벅스 창원호계DT점	호계리 177-2	4.0601149700457135	경상남도 창원시 마산회원구 내서읍 삼계로 63	1767	첨두서원
스타벅스 천안IC DT점	신부동 495-1	1.0472182279435815	충청남도 천안시 동남구 대흥로 323	23922	히흣 도예공방
스타벅스 천안IC DT점	신부동 495-1	1.0716296856207317	충청남도 천안시 동남구 향교1길 89	17933	천안향교
스타벅스 천안IC DT점	신부동 495-1	1.7339183095796706	충청남도 천안시 동남구 대흥로 239	356	천안역 (철도체험학습장)
스타벅스 천안두정역DT점	두정동 71-13	1.8420465648961108	충청남도 천안시 동남구 대흥로 323	23922	히흣 도예공방
스타벅스 천안두정역DT점	두정동 71-13	2.014702262834052	충청남도 천안시 동남구 단대로 119	9299	천호지(단대호수)
스타벅스 천안두정역DT점	두정동 71-13	2.5219446575877758	충청남도 천안시 동남구 대흥로 239	356	천안역 (철도체험학습장)
스타벅스 천안불당DT점	불당동 1844	0.5786451199385071	충청남도 천안시 서북구 공원로 159	0	에코힐링 황톳길
스타벅스 천안불당DT점	불당동 1844	3.6432173165797073	충청남도 천안시 동남구 대흥로 239	356	천안역 (철도체험학습장)
스타벅스 천안불당DT점	불당동 1844	4.1458550503116465	충청남도 천안시 동남구 대흥로 323	23922	히흣 도예공방
스타벅스 천안서부대로DT점	쌍용동 254	1.8861800432868507	충청남도 천안시 동남구 대흥로 239	356	천안역 (철도체험학습장)
스타벅스 천안서부대로DT점	쌍용동 254	1.8924250767451016	충청남도 천안시 서북구 공원로 159	0	에코힐링 황톳길
스타벅스 천안서부대로DT점	쌍용동 254	2.542582777402415	충청남도 천안시 동남구 대흥로 323	23922	히흣 도예공방
스타벅스 천안성정DT점	성정동 625-3	1.3332190966307749	충청남도 천안시 동남구 대흥로 323	23922	히흣 도예공방
스타벅스 천안성정DT점	성정동 625-3	1.7795727153018002	충청남도 천안시 동남구 대흥로 239	356	천안역 (철도체험학습장)
스타벅스 천안성정DT점	성정동 625-3	2.8129167417308842	충청남도 천안시 동남구 단대로 119	9299	천호지(단대호수)
스타벅스 청주봉명DT점	봉명동 1404 SK주유소	1.2355130866895223	충청북도 청주시 흥덕구 직지대로 713	31548	청주 흥덕사지
스타벅스 청주봉명DT점	봉명동 1404 SK주유소	2.019037226448952	충청북도 청주시 서원구 무심서로 565	28189	용화사(청주)
스타벅스 청주봉명DT점	봉명동 1404 SK주유소	2.551355276863203	충청북도 청주시 상당구 남사로 115	28374	청주 충청도병마절도사영문
스타벅스 청주비하DT점	비하동 671-11	0.9954588432715612	충청북도 청주시 흥덕구 부모산로 134	20567	연화사(청주)
스타벅스 청주비하DT점	비하동 671-11	1.446397334975395	충청북도 청주시 흥덕구 풍년로180번길 37-1	24277	충북도민안전체험관
스타벅스 청주비하DT점	비하동 671-11	2.4645389829419377	충청북도 청주시 흥덕구 평동로 147	3092	평동전통떡마을
스타벅스 청주사직DT점	충북 청주시 서원구 사직동 126-14	0.6448558983512697	충청북도 청주시 서원구 무심서로 565	28189	용화사(청주)
스타벅스 청주사직DT점	충북 청주시 서원구 사직동 126-14	0.6669435429470963	충청북도 청주시 상당구 남사로 115	28374	청주 충청도병마절도사영문
스타벅스 청주사직DT점	충북 청주시 서원구 사직동 126-14	0.7593668560185233	충청북도 청주시 상당구 상당로55번길 33	29945	청주 중앙공원
스타벅스 청주용담DT점	충북 청주시 상당구 용담동 324-36	0.2405972706030173	충청북도 청주시 상당구 탑동로 95-5	2066	가락공방
스타벅스 청주용담DT점	충북 청주시 상당구 용담동 324-36	0.7947762688769245	충청북도 청주시 상당구 대성로122번길 81	23006	청주향교
스타벅스 청주용담DT점	충북 청주시 상당구 용담동 324-36	0.8486010105044421	충청북도 청주시 상당구 탑동로32번길 17-6	22398	청주 탑동 양관
스타벅스 청주용암DT점	용암동 1693 행복을 만드는집	0.2582103279876828	충청북도 청주시 상당구 단재로 273	19436	청주 무농정
스타벅스 청주용암DT점	용암동 1693 행복을 만드는집	2.0782782166265648	충청북도 청주시 상당구 낭성면 갈산3길 15	1214	기암서원
스타벅스 청주용암DT점	용암동 1693 행복을 만드는집	2.3575400459901887	충청북도 청주시 상당구 탑동로32번길 17-6	22398	청주 탑동 양관
스타벅스 청주율량DT점	율량동 1068	1.2264286128970767	충청북도 청주시 청원구 상당로 314	9532	청주에듀피아
스타벅스 청주율량DT점	율량동 1068	1.7710709210529985	충청북도 청주시 상당구	40631	청주 상당산성
스타벅스 청주율량DT점	율량동 1068	1.8440015399632577	충청북도 청주시 청원구 충청대로272번길 230-14	18554	목은영당
스타벅스 춘천석사DT점	석사동 799-4	1.4043187721218178	강원도 춘천시 우석로 70	439	한송사 석조보살좌상
스타벅스 춘천석사DT점	석사동 799-4	1.5789189478862582	강원도 춘천시 신동면 솟발1길 44	22242	춘천김정은가옥
스타벅스 춘천석사DT점	석사동 799-4	1.8224379412616216	강원도 춘천시 신동면 솟발길 33-11	20162	춘천최재근가옥
스타벅스 춘천후평DT점	강원 춘천시 후평동 700-1	1.2776317867300484	강원도 춘천시 후석로441번길 12	23770	삼운사(춘천)
스타벅스 춘천후평DT점	강원 춘천시 후평동 700-1	1.480998310476047	강원도 춘천시 삭주로 21	21580	춘천향교
스타벅스 춘천후평DT점	강원 춘천시 후평동 700-1	1.5792088566225908	강원도 춘천시 한림대학길 1	518	혈거유지
스타벅스 충남보령DT점	궁촌동 133-1	2.284623914822602	충청남도 보령시	7247	보령 해수욕장 관광특구
스타벅스 충남보령DT점	궁촌동 133-1	2.7221664125749854	충청남도 보령시 절길 44	23709	왕대사(보령)
스타벅스 충남보령DT점	궁촌동 133-1	3.103198061194083	충청남도 보령시 동대동	24314	대천한내돌다리
스타벅스 충주시청DT점	금릉동 714	2.0102047043037032	충청북도 충주시 남한강로 30	23687	충주 라바랜드
스타벅스 충주시청DT점	금릉동 714	2.0318438507032948	충청북도 충주시 교동9길	18335	충주향교
스타벅스 충주시청DT점	금릉동 714	2.0868452079095063	충청북도 충주시 남한강로 24	3138	충주라이트월드
스타벅스 충주호암DT점	호암동 653-2 4	0.8301568571023773	충청북도 충주시 호암동	47739	호암지
스타벅스 충주호암DT점	호암동 653-2 4	1.2484818648989742	충청북도 충주시 사직산12길 55	21148	대원사(충주)
스타벅스 충주호암DT점	호암동 653-2 4	1.6138984374652732	충청북도 충주시 관아4길 15	0	성내동 관아골
스타벅스 평내DT점	평내동 246-2	0.5913458355996616	경기도 남양주시 의안로 121-20	0	현대태권도디펜스
스타벅스 평내DT점	평내동 246-2	0.8006954859013501	경기도 남양주시 경춘로1350번길 35	26865	리치플러스 스파
스타벅스 평내DT점	평내동 246-2	2.179240634528181	경기도 남양주시 진건읍 사릉로156번길 295	24200	봉인사(경기)
스타벅스 평촌역DT점	관양동 902 1필지	1.1723247833725543	경기도 안양시 동안구 관평로 149	22275	안양 중앙공원
스타벅스 평촌역DT점	관양동 902 1필지	1.7778804546871825	경기도 안양시 동안구 귀인로190번길 90-16	20062	평촌 먹거리촌
스타벅스 평촌역DT점	관양동 902 1필지	2.8609502053099383	경기도 과천시 교육원로 118	0	과천야생화자연학습장
스타벅스 평택서정DT점	서정동 813-2	1.7518526591219912	경기도 평택시 중앙시장로 32	32389	평택시 송탄 관광특구
스타벅스 평택서정DT점	서정동 813-2	3.869509727208312	경기도 평택시 서탄면 장등안길 38	18767	보국사(평택)
스타벅스 평택서정DT점	서정동 813-2	4.10994451598471	경기도 평택시 진위면 진위서로 264-15	36666	진위천유원지
스타벅스 평택안중DT점	현화리 649-4 649-8, 649-10, 652, 652-1	2.6571617028810204	경기도 평택시 포승읍	29911	서해대교
스타벅스 평택안중DT점	현화리 649-4 649-8, 649-10, 652, 652-1	2.762186627365803	경기도 평택시 안중읍 용성3길 120-10	18233	약사사(평택)
스타벅스 평택안중DT점	현화리 649-4 649-8, 649-10, 652, 652-1	6.421577541826081	경기도 평택시 오성면 청오로 33-58	0	평택농업생태원
스타벅스 포천DT점	선단동 557	2.872043938554844	경기도 포천시 가산면 오성길 29	17991	이항복선생묘
스타벅스 포천DT점	선단동 557	4.745279818620569	경기도 양주시 회암사길 281	7652	회암사(양주)
스타벅스 포천DT점	선단동 557	5.515708511477896	경기도 양주시 회암동	28335	양주 회암사지
스타벅스 포항쌍용DT점	경상북도 포항시 남구 상대동 601-2	0.9529107195579908	경상북도 포항시 남구	0	철길숲 & 불의정원
스타벅스 포항쌍용DT점	경상북도 포항시 남구 상대동 601-2	2.3604063025733213	경상북도 포항시 북구 탑산길10번길 11-4	20222	죽림사(포항)
스타벅스 포항쌍용DT점	경상북도 포항시 남구 상대동 601-2	2.4660220188293565	경상북도 포항시 남구 동해안로 6363	4911	현대제철 포항공장
스타벅스 포항장성DT점	장성동 1577-8	1.0625126634312805	경상북도 포항시 북구 환호공원길 30	34333	환호공원
스타벅스 포항장성DT점	장성동 1577-8	1.0709480446432342	경상북도 포항시 북구 법원로97번길 44	51009	포항온천
스타벅스 포항장성DT점	장성동 1577-8	1.2338063810156437	경상북도 포항시 북구 해안로 226	0	포항 해안드라이브
스타벅스 포항죽도DT점	죽도동 699-1	1.4832327134684178	경상북도 포항시 남구	0	철길숲 & 불의정원
스타벅스 포항죽도DT점	죽도동 699-1	2.1570418497982686	경상북도 포항시 남구 지곡로 39	6787	로보라이프 뮤지엄
스타벅스 포항죽도DT점	죽도동 699-1	2.1930149140543165	경상북도 포항시 북구 탑산길10번길 11-4	20222	죽림사(포항)
스타벅스 풍무사거리DT점	풍무동 57-1	0.9507003141778276	경기도 김포시 장릉로 79	37835	김포 장릉(인헌왕후) [유네스코 세계문화유산]
스타벅스 풍무사거리DT점	풍무동 57-1	1.2672614760568583	경기도 김포시 승가로 125	22541	금정사(김포)
스타벅스 풍무사거리DT점	풍무동 57-1	2.1877197967421957	경기도 김포시 북변중로25번길 38	18720	김포향교
스타벅스 풍무역DT점	풍무동 326-4	2.1936461354416172	경기도 김포시 장릉로 79	37835	김포 장릉(인헌왕후) [유네스코 세계문화유산]
스타벅스 풍무역DT점	풍무동 326-4	2.587046922909455	경기도 김포시 승가로 125	22541	금정사(김포)
스타벅스 풍무역DT점	풍무동 326-4	2.903993429863544	경기도 김포시 북변중로25번길 38	18720	김포향교
스타벅스 하남미사DT점	망월동 1066-3	0.5327274847132059	경기도 하남시 미사강변북로 99	24204	구산성지
스타벅스 하남미사DT점	망월동 1066-3	2.5664070899249043	경기도 남양주시 강변북로632번길 일대	25534	미음나루터(미음나루 풍속마을)
스타벅스 하남미사DT점	망월동 1066-3	3.139973641837976	경기도 남양주시 고산로 171	4800	강북 아리수 정수센터
스타벅스 해운대달맞이DT점	부산광역시 해운대구 중동 달맞이길 57	0.3524569762073653	부산광역시 해운대구 달맞이길62번길 33-1	69354	부산 해운대 관광 유람선(오륙도)
스타벅스 해운대달맞이DT점	부산광역시 해운대구 중동 달맞이길 57	0.6424825493704248	부산광역시 해운대구 중동2로 16	42656	해운대온천센터
스타벅스 해운대달맞이DT점	부산광역시 해운대구 중동 달맞이길 57	0.6492128010011079	부산광역시 해운대구 달맞이길 190	78917	해운대 달맞이길
스타벅스 화곡DT점	화곡동 772-67	0.5723333386645469	서울 양천구 목4동 760-28	0	150년 수령 느티나무
스타벅스 화곡DT점	화곡동 772-67	0.8055807928050133	서울특별시 양천구 목동로25길 23	0	양천구 로데오거리
스타벅스 화곡DT점	화곡동 772-67	0.9461709157868579	서울특별시 양천구 목동	28873	용왕정
스타벅스 화성병점DT점	진안동 873-4	2.7306142707177345	경기도 오산시 양산동	25398	오산 독산성과 세마대지
스타벅스 화성병점DT점	진안동 873-4	2.9456863673123057	경기도 화성시 용주로 136	32433	용주사(화성)
스타벅스 화성병점DT점	진안동 873-4	3.614235528697825	경기도 오산시 독산성로269번길 144	24681	보적사(오산)
